url,title,date,start_time,end_time,venue,description,speakers
https://www.learningtechnologiesfrance.com/learning-technologies-paris-2026-power-sessions/session-tbc-sponsoris%C3%A9e-par-sana-labs,Consultez l'app pour + d'informations,"mercredi 28 janvier 2026 12:00 - 12:20 Théâtre 3 Ajouter au calendrier Les sponsors de Learning Technologies France 2026 Loading Platinum 360Learning Platinum Apolearn Platinum Bealink Platinum Edflex Platinum Firstgroup Platinum Kwark Platinum Rise Up Platinum Septeo Education Platinum Teach Up Platinum Very Up Loading Gold Aptilink Gold Autrice Gold Baber Learning Gold Beedeez Gold Cegid Gold CEGOS Gold Cornerstone Gold CrossKnowledge Gold Didask Gold Distrisoft Gold Docebo Gold Dokeos Gold E-TIPI LEARNING Gold Edtake Gold Edunao Gold ETS TOEIC Gold iSpring Gold ISTF Gold Klara Gold Kokoroe Gold MOS - MindOnSite Gold MyConnecting Gold NIIT Gold Procertif Gold Speexx Gold TeachizyPlus Gold Training Orchestra Gold XOS Silver Arts et Métiers Silver ATTENSI Silver Busuu Silver EXPERQUIZ Silver Learnlight Silver Ludicius Interactive Silver Shortways Silver Synthesia Silver Techsmith Silver Tosa Rdv au salon dans : Inscription gratuite Paris Expo - Hall 6 1 Place de la Porte de Versailles, 75015 Paris, France 28 - 29 janvier 2026 de 9h00 à 18h00 Liens rapides Inscription visiteur Réserver un stand Contactez-nous Actualités Newsletter Co-localisé avec : Organisé par : © Copyright 2025",12:00,12:20,Théâtre 3,28 - 29 janvier 2026 | Porte de Versailles | Hall 6 28 - 29 janvier 2026 | Porte de Versailles | Hall 6,
https://www.learningtechnologiesfrance.com/learning-technologies-paris-2026-power-sessions/lintelligence-artificielle-au-service-de-l%C3%A9valuation,L’Intelligence artificielle au service de l’évaluation,"mercredi 28 janvier 2026 12:00 - 12:20 Théâtre 1 En matière de contenus pédagogiques , mais aussi de démarche, l’Intelligence Artificielle est déjà opérationnelle au service du digital learning, avec d’énormes gains de productivité mais aussi de qualité . L’évaluation est un outil de mesure des acquis, elle est aussi un outil puissant pour accompagner la montée en compétences , consolider les acquis, dynamiser les formations. Nous verrons comment, grâce à l’IA , Experquiz permet de créer en quelques minutes un grand nombre de questions ciblées et pertinentes , qui seront le socle d’évaluations de qualité . Nous verrons comment utiliser votre propre corpus documentaire pour la création de contenus . Et nous verrons comment l’IA peut prendre en charge la correction des questions ouvertes en analysant et en notant les réponses des apprenants , selon vos propres modèles de rép Speakers Patrice BERTRAND, Directeur Associé - Experquiz Ajouter au calendrier Les sponsors de Learning Technologies France 2026 Loading Platinum 360Learning Platinum Apolearn Platinum Bealink Platinum Edflex Platinum Firstgroup Platinum Kwark Platinum Rise Up Platinum Septeo Education Platinum Teach Up Platinum Very Up Loading Gold Aptilink Gold Autrice Gold Baber Learning Gold Beedeez Gold Cegid Gold CEGOS Gold Cornerstone Gold CrossKnowledge Gold Didask Gold Distrisoft Gold Docebo Gold Dokeos Gold E-TIPI LEARNING Gold Edtake Gold Edunao Gold ETS TOEIC Gold iSpring Gold ISTF Gold Klara Gold Kokoroe Gold MOS - MindOnSite Gold MyConnecting Gold NIIT Gold Procertif Gold Speexx Gold TeachizyPlus Gold Training Orchestra Gold XOS Silver Arts et Métiers Silver ATTENSI Silver Busuu Silver EXPERQUIZ Silver Learnlight Silver Ludicius Interactive Silver Shortways Silver Synthesia Silver Techsmith Silver Tosa Rdv au salon dans : Inscription gratuite Paris Expo - Hall 6 1 Place de la Porte de Versailles, 75015 Paris, France 28 - 29 janvier 2026 de 9h00 à 18h00 Liens rapides Inscription visiteur Réserver un stand Contactez-nous Actualités Newsletter Co-localisé avec : Organisé par : © Copyright 2025",12:00,12:20,Théâtre 1,28 - 29 janvier 2026 | Porte de Versailles | Hall 6 28 - 29 janvier 2026 | Porte de Versailles | Hall 6,
https://www.learningtechnologiesfrance.com/learning-technologies-paris-2026-power-sessions/retour-du-pr%C3%A9sentiel-comment-le-lms-sadapte-enfin-%C3%A0-la-r%C3%A9alit%C3%A9-du-terrain-,Retour du présentiel : comment le LMS s’adapte (enfin) à la réalité du terrain ?,"mercredi 28 janvier 2026 12:00 - 12:20 Théâtre 4 D'après de récentes études, le présentiel signe son grand retour dans les plans de formation. Mais comment gérer cette nouvelle réalité dans un LMS pensé avant tout pour le e-learning ? Dans cette live session, nous explorerons les enjeux concrets de l'intégration du présentiel : planification, suivi, reporting, expérience apprenant... autant de défis que les plateformes LMS doivent aujourd’hui relever pour offrir une gestion fluide et unifiée des parcours hybrides. Speakers Estelle GUYOT, Digital Learning Consultant - MindOnSite Ajouter au calendrier Les sponsors de Learning Technologies France 2026 Loading Platinum 360Learning Platinum Apolearn Platinum Bealink Platinum Edflex Platinum Firstgroup Platinum Kwark Platinum Rise Up Platinum Septeo Education Platinum Teach Up Platinum Very Up Loading Gold Aptilink Gold Autrice Gold Baber Learning Gold Beedeez Gold Cegid Gold CEGOS Gold Cornerstone Gold CrossKnowledge Gold Didask Gold Distrisoft Gold Docebo Gold Dokeos Gold E-TIPI LEARNING Gold Edtake Gold Edunao Gold ETS TOEIC Gold iSpring Gold ISTF Gold Klara Gold Kokoroe Gold MOS - MindOnSite Gold MyConnecting Gold NIIT Gold Procertif Gold Speexx Gold TeachizyPlus Gold Training Orchestra Gold XOS Silver Arts et Métiers Silver ATTENSI Silver Busuu Silver EXPERQUIZ Silver Learnlight Silver Ludicius Interactive Silver Shortways Silver Synthesia Silver Techsmith Silver Tosa Rdv au salon dans : Inscription gratuite Paris Expo - Hall 6 1 Place de la Porte de Versailles, 75015 Paris, France 28 - 29 janvier 2026 de 9h00 à 18h00 Liens rapides Inscription visiteur Réserver un stand Contactez-nous Actualités Newsletter Co-localisé avec : Organisé par : © Copyright 2025",12:00,12:20,Théâtre 4,28 - 29 janvier 2026 | Porte de Versailles | Hall 6 28 - 29 janvier 2026 | Porte de Versailles | Hall 6,
https://www.learningtechnologiesfrance.com/learning-technologies-paris-2026-power-sessions/session-tbc-sponsoris%C3%A9e-par-bealink,"L'IA au service du L&D… Au-delà du buzzword, dans la vraie vie, ça ressemble à quoi ?","mercredi 28 janvier 2026 12:00 - 12:20 Théâtre 2 Entre promesses alléchantes et fonctionnalités innovantes encore à venir dans vos outils de formation, vous commencez à douter ? Parlons vrai : entendre parler d’IA, c’est bien, la voir à l’œuvre dans une solution de formation, c’est une autre expérience ! Vous souhaitez vivre cette expérience ? Vous êtes au bon endroit ! Lors de cette power session, on vous montre à travers une démonstration en direct, comment Bealink met l’IA au service de la formation dans sa solution Bealink LXP. Morgan Naud, vous présentera comment les clients Bealink utilisent déjà l’IA pour : Recommander des contenus et parcours personnalisés Accompagner les apprenants avec un copilote conversationnel Générer automatiquement des quizs, métadonnées et traductions Et soutenir les équipes L&D avec un agent capable de fournir des réponses instantanées et contextualisées Le rendez-vous pour découvrir comment l’IA peut servir vos priorités et vos enjeux business, c’est jeudi 29 janvier 2026 à 11h30 au Théâtre 2 ! Speakers Morgan NAUD, Deputy CEO – Product & Marketing - Bealink Ajouter au calendrier Les sponsors de Learning Technologies France 2026 Loading Platinum 360Learning Platinum Apolearn Platinum Bealink Platinum Edflex Platinum Firstgroup Platinum Kwark Platinum Rise Up Platinum Septeo Education Platinum Teach Up Platinum Very Up Loading Gold Aptilink Gold Autrice Gold Baber Learning Gold Beedeez Gold Cegid Gold CEGOS Gold Cornerstone Gold CrossKnowledge Gold Didask Gold Distrisoft Gold Docebo Gold Dokeos Gold E-TIPI LEARNING Gold Edtake Gold Edunao Gold ETS TOEIC Gold iSpring Gold ISTF Gold Klara Gold Kokoroe Gold MOS - MindOnSite Gold MyConnecting Gold NIIT Gold Procertif Gold Speexx Gold TeachizyPlus Gold Training Orchestra Gold XOS Silver Arts et Métiers Silver ATTENSI Silver Busuu Silver EXPERQUIZ Silver Learnlight Silver Ludicius Interactive Silver Shortways Silver Synthesia Silver Techsmith Silver Tosa Rdv au salon dans : Inscription gratuite Paris Expo - Hall 6 1 Place de la Porte de Versailles, 75015 Paris, France 28 - 29 janvier 2026 de 9h00 à 18h00 Liens rapides Inscription visiteur Réserver un stand Contactez-nous Actualités Newsletter Co-localisé avec : Organisé par : © Copyright 2025",12:00,12:20,Théâtre 2,28 - 29 janvier 2026 | Porte de Versailles | Hall 6 28 - 29 janvier 2026 | Porte de Versailles | Hall 6,
https://www.learningtechnologiesfrance.com/learning-technologies-paris-2026-power-sessions/session-tbc-sponsoris%C3%A9e-par-speexx,"Gérez votre énergie, pas (seulement) votre temps","mercredi 28 janvier 2026 12:30 - 12:50 Théâtre 2 Dans cette intervention inspirée des travaux de Loehr & Schwartz, les participants découvrent pourquoi la gestion du temps ne suffit plus pour performer durablement. À travers une approche pratique et accessible, Virginie Laurent explore les 4 dimensions essentielles de l’énergie – physique, mentale, émotionnelle et spirituelle – et montre comment chacune influence notre engagement, notre concentration et notre bien-être. L’atelier propose des outils concrets : identification des fuites d’énergie, micro-ajustements pour optimiser sa journée, stratégies de priorisation, règles de meetings efficaces et routines de récupération. Grâce à des exercices individuels et en duo, chaque participant repart avec une prise de conscience clé et une action concrète pour mieux équilibrer performance et préservation de soi. Speakers Virginie LAURENT, Head of Coaching Sciences - Speexx Ajouter au calendrier Les sponsors de Learning Technologies France 2026 Loading Platinum 360Learning Platinum Apolearn Platinum Bealink Platinum Edflex Platinum Firstgroup Platinum Kwark Platinum Rise Up Platinum Septeo Education Platinum Teach Up Platinum Very Up Loading Gold Aptilink Gold Autrice Gold Baber Learning Gold Beedeez Gold Cegid Gold CEGOS Gold Cornerstone Gold CrossKnowledge Gold Didask Gold Distrisoft Gold Docebo Gold Dokeos Gold E-TIPI LEARNING Gold Edtake Gold Edunao Gold ETS TOEIC Gold iSpring Gold ISTF Gold Klara Gold Kokoroe Gold MOS - MindOnSite Gold MyConnecting Gold NIIT Gold Procertif Gold Speexx Gold TeachizyPlus Gold Training Orchestra Gold XOS Silver Arts et Métiers Silver ATTENSI Silver Busuu Silver EXPERQUIZ Silver Learnlight Silver Ludicius Interactive Silver Shortways Silver Synthesia Silver Techsmith Silver Tosa Rdv au salon dans : Inscription gratuite Paris Expo - Hall 6 1 Place de la Porte de Versailles, 75015 Paris, France 28 - 29 janvier 2026 de 9h00 à 18h00 Liens rapides Inscription visiteur Réserver un stand Contactez-nous Actualités Newsletter Co-localisé avec : Organisé par : © Copyright 2025",12:30,12:50,Théâtre 2,28 - 29 janvier 2026 | Porte de Versailles | Hall 6 28 - 29 janvier 2026 | Porte de Versailles | Hall 6,
https://www.learningtechnologiesfrance.com/learning-technologies-paris-2026-power-sessions/maximisez-votre-roi-formation-copilote-ia-c%C3%B4t%C3%A9-cr%C3%A9ateur-tuteur-ia-c%C3%B4t%C3%A9-apprenant,"Maximisez votre ROI formation : copilote IA côté créateur, tuteur IA côté apprenant","mercredi 28 janvier 2026 12:30 - 12:50 Théâtre 4 Maximiser le ROI formation, c’est allier performance opérationnelle et expérience apprenante. Avec ses solutions IA, edtake transforme chaque étape du cycle de formation : côté créateur, le copilote IA accélère la conception et la diffusion de modules de qualité, passant de plusieurs semaines à quelques minutes ; côté apprenant, le Tuteur IA personnalise l’accompagnement, motive et adapte les parcours selon le rythme et les besoins de chacun. Ensemble, ces deux solutions offrent un levier puissant pour concevoir et accompagner plus efficacement, tout en renforçant l’engagement et la montée en compétences. Découvrez comment le duo IA d’edtake aide déjà plus de 150 organisations à conjuguer qualité, agilité et personnalisation pour un ROI formation immédiat et durable. Une nouvelle manière de faire de la technologie un moteur de la compétence humaine. Speakers Alexandre LECT, Co-founder et CEO - edtake Matthieu MASSE, Co-founder et CPTO - edtake Ajouter au calendrier Les sponsors de Learning Technologies France 2026 Loading Platinum 360Learning Platinum Apolearn Platinum Bealink Platinum Edflex Platinum Firstgroup Platinum Kwark Platinum Rise Up Platinum Septeo Education Platinum Teach Up Platinum Very Up Loading Gold Aptilink Gold Autrice Gold Baber Learning Gold Beedeez Gold Cegid Gold CEGOS Gold Cornerstone Gold CrossKnowledge Gold Didask Gold Distrisoft Gold Docebo Gold Dokeos Gold E-TIPI LEARNING Gold Edtake Gold Edunao Gold ETS TOEIC Gold iSpring Gold ISTF Gold Klara Gold Kokoroe Gold MOS - MindOnSite Gold MyConnecting Gold NIIT Gold Procertif Gold Speexx Gold TeachizyPlus Gold Training Orchestra Gold XOS Silver Arts et Métiers Silver ATTENSI Silver Busuu Silver EXPERQUIZ Silver Learnlight Silver Ludicius Interactive Silver Shortways Silver Synthesia Silver Techsmith Silver Tosa Rdv au salon dans : Inscription gratuite Paris Expo - Hall 6 1 Place de la Porte de Versailles, 75015 Paris, France 28 - 29 janvier 2026 de 9h00 à 18h00 Liens rapides Inscription visiteur Réserver un stand Contactez-nous Actualités Newsletter Co-localisé avec : Organisé par : © Copyright 2025",12:30,12:50,Théâtre 4,28 - 29 janvier 2026 | Porte de Versailles | Hall 6 28 - 29 janvier 2026 | Porte de Versailles | Hall 6,"Alexandre LECT, Co-founder et CEO | Matthieu MASSE, Co-founder et CPTO"
https://www.learningtechnologiesfrance.com/learning-technologies-paris-2026-power-sessions/session-tbc-sponsoris%C3%A9e-par-teach-up-1,Comment les IA pédagogiques rendent enfin possible la mise en pratique en digital,"mercredi 28 janvier 2026 12:30 - 12:50 Théâtre 1 Le plus grand manque du digital learning, c’est la mise en pratique. On sait de mieux en mieux bien transmettre du savoir. Mais on ne sait pas entraîner. Jusqu’à maintenant. Dans cette Power Session, vous verrez comment les IA pédagogiques permettent de créer en quelques minutes de vraies mises en situation : scénarios proches du terrain, entraînements à réaliser à la voix, répétitions coachées… et même des agents pédagogiques disponibles quand on en a besoin pour s’entraîner dès qu’un doute, un cas ou une situation sensible apparaît. Bref : tout ce que recommandent les sciences cognitives (action, difficulté ajustée, répétition, feedback…) devient enfin possible en digital. En 15 minutes, nous vous montrerons comment transformer une compétence en un entraînement immédiatement exploitable, comment suivre la progression réelle des apprenants et comment rapprocher la formation en ligne du geste professionnel. Venez voir ce que le digital learning n’avait encore jamais réussi : entraîner, vraiment. Speakers Boris LUCAS, Sales Manager - Teach Up Ajouter au calendrier Les sponsors de Learning Technologies France 2026 Loading Platinum 360Learning Platinum Apolearn Platinum Bealink Platinum Edflex Platinum Firstgroup Platinum Kwark Platinum Rise Up Platinum Septeo Education Platinum Teach Up Platinum Very Up Loading Gold Aptilink Gold Autrice Gold Baber Learning Gold Beedeez Gold Cegid Gold CEGOS Gold Cornerstone Gold CrossKnowledge Gold Didask Gold Distrisoft Gold Docebo Gold Dokeos Gold E-TIPI LEARNING Gold Edtake Gold Edunao Gold ETS TOEIC Gold iSpring Gold ISTF Gold Klara Gold Kokoroe Gold MOS - MindOnSite Gold MyConnecting Gold NIIT Gold Procertif Gold Speexx Gold TeachizyPlus Gold Training Orchestra Gold XOS Silver Arts et Métiers Silver ATTENSI Silver Busuu Silver EXPERQUIZ Silver Learnlight Silver Ludicius Interactive Silver Shortways Silver Synthesia Silver Techsmith Silver Tosa Rdv au salon dans : Inscription gratuite Paris Expo - Hall 6 1 Place de la Porte de Versailles, 75015 Paris, France 28 - 29 janvier 2026 de 9h00 à 18h00 Liens rapides Inscription visiteur Réserver un stand Contactez-nous Actualités Newsletter Co-localisé avec : Organisé par : © Copyright 2025",12:30,12:50,Théâtre 1,28 - 29 janvier 2026 | Porte de Versailles | Hall 6 28 - 29 janvier 2026 | Porte de Versailles | Hall 6,
https://www.learningtechnologiesfrance.com/learning-technologies-paris-2026-power-sessions/session-tbc-sponsoris%C3%A9e-par-cegos,Première offre d’Adaptive Learning “sur étagères” : quand l’individualisation devient enfin déployable à grande échelle,"mercredi 28 janvier 2026 12:30 - 12:50 Théâtre 3 L’individualisation des parcours est une attente forte des DRH, mais l’apprentissage à distance reste souvent décevant : par où commencer, combien de temps investir, comment mesurer les progrès et valoriser les compétences acquises ? Avec l’essor de l’IA générative, l’adaptive learning entre dans une nouvelle ère. Lors de cette intervention, Cegos présente sa première offre d’adaptive learning “sur étagères”, conçue pour délivrer le juste nécessaire, au bon moment, au bon rythme, en combinant intelligence artificielle, rigueur pédagogique et efficacité opérationnelle. À travers un retour d’expérience terrain sur le management hiérarchique et transversal, découvrez comment cette approche associe formation collective et personnalisation à distance, structure la progression et renforce l’engagement des managers aux agendas contraints. Une démonstration concrète pour repenser l’impact du learning à grande échelle. Speakers Fabienne BOUCHUT, Cheffe de projets innovation - Cegos Bertrand DÉROULÈDE, Manager de l’offre management et changement - Cegos Ajouter au calendrier Les sponsors de Learning Technologies France 2026 Loading Platinum 360Learning Platinum Apolearn Platinum Bealink Platinum Edflex Platinum Firstgroup Platinum Kwark Platinum Rise Up Platinum Septeo Education Platinum Teach Up Platinum Very Up Loading Gold Aptilink Gold Autrice Gold Baber Learning Gold Beedeez Gold Cegid Gold CEGOS Gold Cornerstone Gold CrossKnowledge Gold Didask Gold Distrisoft Gold Docebo Gold Dokeos Gold E-TIPI LEARNING Gold Edtake Gold Edunao Gold ETS TOEIC Gold iSpring Gold ISTF Gold Klara Gold Kokoroe Gold MOS - MindOnSite Gold MyConnecting Gold NIIT Gold Procertif Gold Speexx Gold TeachizyPlus Gold Training Orchestra Gold XOS Silver Arts et Métiers Silver ATTENSI Silver Busuu Silver EXPERQUIZ Silver Learnlight Silver Ludicius Interactive Silver Shortways Silver Synthesia Silver Techsmith Silver Tosa Rdv au salon dans : Inscription gratuite Paris Expo - Hall 6 1 Place de la Porte de Versailles, 75015 Paris, France 28 - 29 janvier 2026 de 9h00 à 18h00 Liens rapides Inscription visiteur Réserver un stand Contactez-nous Actualités Newsletter Co-localisé avec : Organisé par : © Copyright 2025",12:30,12:50,Théâtre 3,28 - 29 janvier 2026 | Porte de Versailles | Hall 6 28 - 29 janvier 2026 | Porte de Versailles | Hall 6,
https://www.learningtechnologiesfrance.com/learning-technologies-paris-2026-power-sessions/stop-aux-fautes-dorthographe-linnovation-p%C3%A9dagogique-et-e-learning-qui-change-la-donne,Stop aux fautes d’orthographe : l’innovation pédagogique et e-learning qui change la donne,"mercredi 28 janvier 2026 14:00 - 14:20 Théâtre 3 OHé - Orthographe Héros est une EdTech à impact qui transforme l’apprentissage de l’orthographe grâce aux sciences cognitives et à la gamification. Elle propose une méthode innovante, sans règles à mémoriser, dans une application qui motive et permet de progresser rapidement, renforçant la confiance en soi, l’autonomie et l’insertion. Les fautes ne sont pas une fatalité, mais un problème de méthode d'apprentissage. Venez découvrir le nouveau challenger du marché de la formation en français. Speakers Alexandre HUAU-ARMANI, Cofondateur, directeur général - OHé - Orthographe Héros Roxane JOANNIDÈS, Présidente - OHé - Orthographe Héros Ajouter au calendrier Les sponsors de Learning Technologies France 2026 Loading Platinum 360Learning Platinum Apolearn Platinum Bealink Platinum Edflex Platinum Firstgroup Platinum Kwark Platinum Rise Up Platinum Septeo Education Platinum Teach Up Platinum Very Up Loading Gold Aptilink Gold Autrice Gold Baber Learning Gold Beedeez Gold Cegid Gold CEGOS Gold Cornerstone Gold CrossKnowledge Gold Didask Gold Distrisoft Gold Docebo Gold Dokeos Gold E-TIPI LEARNING Gold Edtake Gold Edunao Gold ETS TOEIC Gold iSpring Gold ISTF Gold Klara Gold Kokoroe Gold MOS - MindOnSite Gold MyConnecting Gold NIIT Gold Procertif Gold Speexx Gold TeachizyPlus Gold Training Orchestra Gold XOS Silver Arts et Métiers Silver ATTENSI Silver Busuu Silver EXPERQUIZ Silver Learnlight Silver Ludicius Interactive Silver Shortways Silver Synthesia Silver Techsmith Silver Tosa Rdv au salon dans : Inscription gratuite Paris Expo - Hall 6 1 Place de la Porte de Versailles, 75015 Paris, France 28 - 29 janvier 2026 de 9h00 à 18h00 Liens rapides Inscription visiteur Réserver un stand Contactez-nous Actualités Newsletter Co-localisé avec : Organisé par : © Copyright 2025",14:00,14:20,Théâtre 3,28 - 29 janvier 2026 | Porte de Versailles | Hall 6 28 - 29 janvier 2026 | Porte de Versailles | Hall 6,"Alexandre HUAU-ARMANI, Cofondateur, directeur général | - OHé - Orthographe Héros"
https://www.learningtechnologiesfrance.com/learning-technologies-paris-2026-power-sessions/session-tbc-sponsoris%C3%A9e-par-lumapps-learning,Réinventer l’expérience apprenant avec LumApps Learning : retours d’expérience et bonnes pratiques,"mercredi 28 janvier 2026 14:00 - 14:20 Théâtre 1 Cette session explore comment réinventer l’expérience apprenant pour rendre vos parcours de formation plus engageants et collaboratifs. Au programme : des enseignements concrets issus de l’utilisation de LumApps Learning et un retour sur les bonnes pratiques pour maximiser l’impact des initiatives d’apprentissage. Découvrez comment structurer efficacement les contenus, stimuler l’interaction entre collaborateurs et mesurer l’efficacité des parcours de formation. L’objectif : transformer l’expérience des apprenants en la rendant plus fluide, motivante et durable. Conçue pour les responsables formation, managers et professionnels RH, cette session propose des solutions pratiques et immédiatement applicables. Repartez avec des clés concrètes pour enrichir vos programmes de formation et créer un environnement d’apprentissage favorisant engagement et collaboration. Speakers Julia DANINO, Key Account Manager - LumApps Learning Hélène MARCHAND, Senior Customer Success Manager - LumApps Learning Ajouter au calendrier Les sponsors de Learning Technologies France 2026 Loading Platinum 360Learning Platinum Apolearn Platinum Bealink Platinum Edflex Platinum Firstgroup Platinum Kwark Platinum Rise Up Platinum Septeo Education Platinum Teach Up Platinum Very Up Loading Gold Aptilink Gold Autrice Gold Baber Learning Gold Beedeez Gold Cegid Gold CEGOS Gold Cornerstone Gold CrossKnowledge Gold Didask Gold Distrisoft Gold Docebo Gold Dokeos Gold E-TIPI LEARNING Gold Edtake Gold Edunao Gold ETS TOEIC Gold iSpring Gold ISTF Gold Klara Gold Kokoroe Gold MOS - MindOnSite Gold MyConnecting Gold NIIT Gold Procertif Gold Speexx Gold TeachizyPlus Gold Training Orchestra Gold XOS Silver Arts et Métiers Silver ATTENSI Silver Busuu Silver EXPERQUIZ Silver Learnlight Silver Ludicius Interactive Silver Shortways Silver Synthesia Silver Techsmith Silver Tosa Rdv au salon dans : Inscription gratuite Paris Expo - Hall 6 1 Place de la Porte de Versailles, 75015 Paris, France 28 - 29 janvier 2026 de 9h00 à 18h00 Liens rapides Inscription visiteur Réserver un stand Contactez-nous Actualités Newsletter Co-localisé avec : Organisé par : © Copyright 2025",14:00,14:20,Théâtre 1,28 - 29 janvier 2026 | Porte de Versailles | Hall 6 28 - 29 janvier 2026 | Porte de Versailles | Hall 6,
https://www.learningtechnologiesfrance.com/learning-technologies-paris-2026-power-sessions/vid%C3%A9o-interactive-le-levier-pour-des-formations-engageantes-et-%C3%A0-grande-%C3%A9chelle,Rendre l’apprentissage durable dans un monde de scroll et d’IA,"mercredi 28 janvier 2026 14:00 - 14:20 Théâtre 4 Les apprenants n’abordent plus la formation comme avant. Ils scrollent, balayent, et attendentdes contenus rapides, visuels et engageants. Pourtant, une grande partie de la formation en entreprise reste passive et prescrite. Cette session explore pourquoi cet écart compte, et comment les équipes Learning peuvent le réduire. À partir d’exemples concrets, nous montrerons comment la vidéo, lorsqu’elle est conçue de manière intentionnelle, peut transformer la formation. On passe d’un contenu que l’on “doit” suivre à une expérience que l’on choisit réellement d’engager. Nous expliquerons pourquoi le contenu passif échoue à ancrer les apprentissages, comment l’apprentissage actif améliore le rappel et le passage à l’action, et où l’IA aide, mais aussi où elle doit être questionnée. Les participants repartiront avec des approches pratiques. Scénarios, vérifications de connaissances, quiz et vidéo interactive. L’objectif n’est pas d’aller vite à tout prix, mais de faire des choix de conception réfléchis, respectueux du temps et de l’attention, et orientés vers un impact mesurable et durable. Speakers Nicolas NARBAIS, Solutions Architect - synthesia Ajouter au calendrier Les sponsors de Learning Technologies France 2026 Loading Platinum 360Learning Platinum Apolearn Platinum Bealink Platinum Edflex Platinum Firstgroup Platinum Kwark Platinum Rise Up Platinum Septeo Education Platinum Teach Up Platinum Very Up Loading Gold Aptilink Gold Autrice Gold Baber Learning Gold Beedeez Gold Cegid Gold CEGOS Gold Cornerstone Gold CrossKnowledge Gold Didask Gold Distrisoft Gold Docebo Gold Dokeos Gold E-TIPI LEARNING Gold Edtake Gold Edunao Gold ETS TOEIC Gold iSpring Gold ISTF Gold Klara Gold Kokoroe Gold MOS - MindOnSite Gold MyConnecting Gold NIIT Gold Procertif Gold Speexx Gold TeachizyPlus Gold Training Orchestra Gold XOS Silver Arts et Métiers Silver ATTENSI Silver Busuu Silver EXPERQUIZ Silver Learnlight Silver Ludicius Interactive Silver Shortways Silver Synthesia Silver Techsmith Silver Tosa Rdv au salon dans : Inscription gratuite Paris Expo - Hall 6 1 Place de la Porte de Versailles, 75015 Paris, France 28 - 29 janvier 2026 de 9h00 à 18h00 Liens rapides Inscription visiteur Réserver un stand Contactez-nous Actualités Newsletter Co-localisé avec : Organisé par : © Copyright 2025",14:00,14:20,Théâtre 4,28 - 29 janvier 2026 | Porte de Versailles | Hall 6 28 - 29 janvier 2026 | Porte de Versailles | Hall 6,
https://www.learningtechnologiesfrance.com/learning-technologies-paris-2026-power-sessions/la-puissance-de-laudio-au-service-de-la-formation,La puissance de l’audio au service de la formation,"mercredi 28 janvier 2026 14:00 - 14:20 Théâtre 2 Comment l’audio a bouleversé le monde de l’information et bouleverse désormais le monde de la formation. Un format mobile “tout terrain” qui fait la joie des collaborateurs et des responsables formation : d’un côté un format simple, accessible où je veux quand je veux, de l’autre un format qui engage, favorise l’attention et la mémorisation. On a tous à y gagner ! Speakers David GORDON, Directeur Associé - Nouvelles Voix Formation Ajouter au calendrier Les sponsors de Learning Technologies France 2026 Loading Platinum 360Learning Platinum Apolearn Platinum Bealink Platinum Edflex Platinum Firstgroup Platinum Kwark Platinum Rise Up Platinum Septeo Education Platinum Teach Up Platinum Very Up Loading Gold Aptilink Gold Autrice Gold Baber Learning Gold Beedeez Gold Cegid Gold CEGOS Gold Cornerstone Gold CrossKnowledge Gold Didask Gold Distrisoft Gold Docebo Gold Dokeos Gold E-TIPI LEARNING Gold Edtake Gold Edunao Gold ETS TOEIC Gold iSpring Gold ISTF Gold Klara Gold Kokoroe Gold MOS - MindOnSite Gold MyConnecting Gold NIIT Gold Procertif Gold Speexx Gold TeachizyPlus Gold Training Orchestra Gold XOS Silver Arts et Métiers Silver ATTENSI Silver Busuu Silver EXPERQUIZ Silver Learnlight Silver Ludicius Interactive Silver Shortways Silver Synthesia Silver Techsmith Silver Tosa Rdv au salon dans : Inscription gratuite Paris Expo - Hall 6 1 Place de la Porte de Versailles, 75015 Paris, France 28 - 29 janvier 2026 de 9h00 à 18h00 Liens rapides Inscription visiteur Réserver un stand Contactez-nous Actualités Newsletter Co-localisé avec : Organisé par : © Copyright 2025",14:00,14:20,Théâtre 2,28 - 29 janvier 2026 | Porte de Versailles | Hall 6 28 - 29 janvier 2026 | Porte de Versailles | Hall 6,
https://www.learningtechnologiesfrance.com/learning-technologies-paris-2026-power-sessions/session-tbc-sponsoris%C3%A9e-par-kwark,Quand l’IA automatise l’ingénierie pédagogique : de l’intention à la production en un prompt,"mercredi 28 janvier 2026 14:30 - 14:50 Théâtre 2 Concevoir une formation = définir les objectifs, structurer la progression, rédiger les scripts, créer les activités, produire, assembler. Des heures de travail. BlendGen automatise cette chaîne complète avec un LLM entraîné pour l'ingénierie de formation. Une phrase suffit : ""Un module de 10 minutes sur la gestion des conflits pour managers"". L'IA génère l'architecture pédagogique, le scénario, les quiz, la vidéo avec avatar et le module de formation final prêt à être importé dans votre LMS. Découvrez ce que signifie vraiment ""automatiser la création de formation"" au-delà de la simple génération de texte. Speakers Steve LAROCHE, Product Owner - Kwark Ajouter au calendrier Les sponsors de Learning Technologies France 2026 Loading Platinum 360Learning Platinum Apolearn Platinum Bealink Platinum Edflex Platinum Firstgroup Platinum Kwark Platinum Rise Up Platinum Septeo Education Platinum Teach Up Platinum Very Up Loading Gold Aptilink Gold Autrice Gold Baber Learning Gold Beedeez Gold Cegid Gold CEGOS Gold Cornerstone Gold CrossKnowledge Gold Didask Gold Distrisoft Gold Docebo Gold Dokeos Gold E-TIPI LEARNING Gold Edtake Gold Edunao Gold ETS TOEIC Gold iSpring Gold ISTF Gold Klara Gold Kokoroe Gold MOS - MindOnSite Gold MyConnecting Gold NIIT Gold Procertif Gold Speexx Gold TeachizyPlus Gold Training Orchestra Gold XOS Silver Arts et Métiers Silver ATTENSI Silver Busuu Silver EXPERQUIZ Silver Learnlight Silver Ludicius Interactive Silver Shortways Silver Synthesia Silver Techsmith Silver Tosa Rdv au salon dans : Inscription gratuite Paris Expo - Hall 6 1 Place de la Porte de Versailles, 75015 Paris, France 28 - 29 janvier 2026 de 9h00 à 18h00 Liens rapides Inscription visiteur Réserver un stand Contactez-nous Actualités Newsletter Co-localisé avec : Organisé par : © Copyright 2025",14:30,14:50,Théâtre 2,28 - 29 janvier 2026 | Porte de Versailles | Hall 6 28 - 29 janvier 2026 | Porte de Versailles | Hall 6,
https://www.learningtechnologiesfrance.com/learning-technologies-paris-2026-power-sessions/session-tbc-sponsoris%C3%A9e-par-smartof-1,Qualiopi sans stress : gagnez du temps grâce à l’automatisation,"mercredi 28 janvier 2026 14:30 - 14:50 Théâtre 4 La certification Qualiopi est un incontournable ... Mais sa gestion quotidienne reste souvent complexe et chronophage. Entre le suivi des indicateurs, la centralisation des preuves et la préparation aux audits, la charge administrative peut rapidement devenir source de stress. Dans cette Power Session concrète, nous vous montrerons comment automatiser la gestion de Qualiopi pour gagner du temps, éviter les erreurs et rester toujours prêt pour un audit : Simplifier le suivi des indicateurs Centraliser vos preuves Réduire la charge administrative Et libérer du temps pour vous concentrer sur ce qui compte vraiment : vos apprenants et vos formations. Découvrez comment SmartOF peut devenir votre allié pour obtenir, maintenir et vivre sereinement votre certification. Speakers Barnabé CHAUVIN, CEO - SmartOF Ajouter au calendrier Les sponsors de Learning Technologies France 2026 Loading Platinum 360Learning Platinum Apolearn Platinum Bealink Platinum Edflex Platinum Firstgroup Platinum Kwark Platinum Rise Up Platinum Septeo Education Platinum Teach Up Platinum Very Up Loading Gold Aptilink Gold Autrice Gold Baber Learning Gold Beedeez Gold Cegid Gold CEGOS Gold Cornerstone Gold CrossKnowledge Gold Didask Gold Distrisoft Gold Docebo Gold Dokeos Gold E-TIPI LEARNING Gold Edtake Gold Edunao Gold ETS TOEIC Gold iSpring Gold ISTF Gold Klara Gold Kokoroe Gold MOS - MindOnSite Gold MyConnecting Gold NIIT Gold Procertif Gold Speexx Gold TeachizyPlus Gold Training Orchestra Gold XOS Silver Arts et Métiers Silver ATTENSI Silver Busuu Silver EXPERQUIZ Silver Learnlight Silver Ludicius Interactive Silver Shortways Silver Synthesia Silver Techsmith Silver Tosa Rdv au salon dans : Inscription gratuite Paris Expo - Hall 6 1 Place de la Porte de Versailles, 75015 Paris, France 28 - 29 janvier 2026 de 9h00 à 18h00 Liens rapides Inscription visiteur Réserver un stand Contactez-nous Actualités Newsletter Co-localisé avec : Organisé par : © Copyright 2025",14:30,14:50,Théâtre 4,28 - 29 janvier 2026 | Porte de Versailles | Hall 6 28 - 29 janvier 2026 | Porte de Versailles | Hall 6,
https://www.learningtechnologiesfrance.com/learning-technologies-paris-2026-power-sessions/maximiser-limpact-des-formateurs-internes-le-pouvoir-du-tms,Maximiser l’impact des formateurs internes : le pouvoir du TMS,"mercredi 28 janvier 2026 14:30 - 14:50 Théâtre 1 Vos experts métier sont une ressource précieuse : encore faut-il savoir les mobiliser efficacement. Venez assister à cet atelier et découvrir comment le TMS Training Orchestra permet d’optimiser le staffing des formateurs internes, en automatisant leur planification, en anticipant les disponibilités et en alignant les compétences avec les besoins des sessions. La solution est un véritable levier stratégique pour une formation plus performante et agile. Les experts Training Orchestra partageront également avec vous les best practices en la matière de grandes entreprises dans le monde. Speakers Antoine LORNE, Directeur Commercial - Training Orchestra Sandrine BRUN, Marketing Manager France - Training Orchestra Ajouter au calendrier Les sponsors de Learning Technologies France 2026 Loading Platinum 360Learning Platinum Apolearn Platinum Bealink Platinum Edflex Platinum Firstgroup Platinum Kwark Platinum Rise Up Platinum Septeo Education Platinum Teach Up Platinum Very Up Loading Gold Aptilink Gold Autrice Gold Baber Learning Gold Beedeez Gold Cegid Gold CEGOS Gold Cornerstone Gold CrossKnowledge Gold Didask Gold Distrisoft Gold Docebo Gold Dokeos Gold E-TIPI LEARNING Gold Edtake Gold Edunao Gold ETS TOEIC Gold iSpring Gold ISTF Gold Klara Gold Kokoroe Gold MOS - MindOnSite Gold MyConnecting Gold NIIT Gold Procertif Gold Speexx Gold TeachizyPlus Gold Training Orchestra Gold XOS Silver Arts et Métiers Silver ATTENSI Silver Busuu Silver EXPERQUIZ Silver Learnlight Silver Ludicius Interactive Silver Shortways Silver Synthesia Silver Techsmith Silver Tosa Rdv au salon dans : Inscription gratuite Paris Expo - Hall 6 1 Place de la Porte de Versailles, 75015 Paris, France 28 - 29 janvier 2026 de 9h00 à 18h00 Liens rapides Inscription visiteur Réserver un stand Contactez-nous Actualités Newsletter Co-localisé avec : Organisé par : © Copyright 2025",14:30,14:50,Théâtre 1,28 - 29 janvier 2026 | Porte de Versailles | Hall 6 28 - 29 janvier 2026 | Porte de Versailles | Hall 6,
https://www.learningtechnologiesfrance.com/learning-technologies-paris-2026-power-sessions/triche-plagiat-correction-r%C3%A9solvez-l%C3%A9quation-impossible-de-l%C3%A9valuation-avec-lia,"Triche, plagiat, correction : résolvez l’équation impossible de l’évaluation avec l’IA","mercredi 28 janvier 2026 14:30 - 14:50 Théâtre 3 Depuis 5 ans, Evaluo étonne par son approche techno-humaniste des examens, réinventant les méthodes d’évaluation avec des technologies centrées sur l’humain. Dans cette Power Session, Evaluo démontre que le futur n’est pas une direction, mais une réalité en cours · Génération de sujets et de sessions d’examen en phase avec l’actualité · Surveillance humaine et/ou IA · Détection de plagiat et de contenus générés par IA · Correction assistée par IA · Génération automatisée des preuves · Diplomation sécurisée par blockchain Dans ce monde déjà transformé, quelle place pour l’humain dans l’enseignement ? Cessons de parler du futur comme d’un horizon : il est déjà sous nos pas, façonné chaque jour par les EdTechs, établissements, certificateurs, étudiants, formateurs et autorités. Speakers Cédric DE LA TORRE, Directeur Général - Evaluo Ajouter au calendrier Les sponsors de Learning Technologies France 2026 Loading Platinum 360Learning Platinum Apolearn Platinum Bealink Platinum Edflex Platinum Firstgroup Platinum Kwark Platinum Rise Up Platinum Septeo Education Platinum Teach Up Platinum Very Up Loading Gold Aptilink Gold Autrice Gold Baber Learning Gold Beedeez Gold Cegid Gold CEGOS Gold Cornerstone Gold CrossKnowledge Gold Didask Gold Distrisoft Gold Docebo Gold Dokeos Gold E-TIPI LEARNING Gold Edtake Gold Edunao Gold ETS TOEIC Gold iSpring Gold ISTF Gold Klara Gold Kokoroe Gold MOS - MindOnSite Gold MyConnecting Gold NIIT Gold Procertif Gold Speexx Gold TeachizyPlus Gold Training Orchestra Gold XOS Silver Arts et Métiers Silver ATTENSI Silver Busuu Silver EXPERQUIZ Silver Learnlight Silver Ludicius Interactive Silver Shortways Silver Synthesia Silver Techsmith Silver Tosa Rdv au salon dans : Inscription gratuite Paris Expo - Hall 6 1 Place de la Porte de Versailles, 75015 Paris, France 28 - 29 janvier 2026 de 9h00 à 18h00 Liens rapides Inscription visiteur Réserver un stand Contactez-nous Actualités Newsletter Co-localisé avec : Organisé par : © Copyright 2025",14:30,14:50,Théâtre 3,28 - 29 janvier 2026 | Porte de Versailles | Hall 6 28 - 29 janvier 2026 | Porte de Versailles | Hall 6,
https://www.learningtechnologiesfrance.com/learning-technologies-paris-2026-power-sessions/jeunesses-ia-g%C3%A9n%C3%A9rative-repenser-nos-pratiques-de-formation,Jeunesses & IA générative : (Re)penser nos pratiques de formation,"mercredi 28 janvier 2026 15:00 - 15:20 Théâtre 3 Dans cette session interactive, Mathias Przygoda (docteur en sociologie des jeunesses et du numérique) et Lucas Hillereau (ingénieur de recherche en IAED) vous invitent à explorer autrement deux sujets qui bousculent nos organisations de travail : les nouvelles générations au travail et l’intelligence artificielle générative. Plutôt que de répéter des idées reçues sur ces sujets, pourquoi ne pas essayer de les mettre à l’épreuve ? Mains levées, débat d’idées, puis apports scientifiques actualisés (sociologie, histoire, philosophie, antrophologie, etc.). Deux boussoles de compréhension vous seront présenter afin que vous puissiez découvrir des grilles de lectures complémentaires quant à ces sujets. Speakers Mathias PRZYGODA, Co-gérant, docteur en sociologie & formateur nouvelles générations au travail - GROUPE AGAU Lucas HILLEREAU, Co-gérant, ingénieur de recherche en science de l’éducation et de la formation (SDEF) - GROUPE AGAU Ajouter au calendrier Les sponsors de Learning Technologies France 2026 Loading Platinum 360Learning Platinum Apolearn Platinum Bealink Platinum Edflex Platinum Firstgroup Platinum Kwark Platinum Rise Up Platinum Septeo Education Platinum Teach Up Platinum Very Up Loading Gold Aptilink Gold Autrice Gold Baber Learning Gold Beedeez Gold Cegid Gold CEGOS Gold Cornerstone Gold CrossKnowledge Gold Didask Gold Distrisoft Gold Docebo Gold Dokeos Gold E-TIPI LEARNING Gold Edtake Gold Edunao Gold ETS TOEIC Gold iSpring Gold ISTF Gold Klara Gold Kokoroe Gold MOS - MindOnSite Gold MyConnecting Gold NIIT Gold Procertif Gold Speexx Gold TeachizyPlus Gold Training Orchestra Gold XOS Silver Arts et Métiers Silver ATTENSI Silver Busuu Silver EXPERQUIZ Silver Learnlight Silver Ludicius Interactive Silver Shortways Silver Synthesia Silver Techsmith Silver Tosa Rdv au salon dans : Inscription gratuite Paris Expo - Hall 6 1 Place de la Porte de Versailles, 75015 Paris, France 28 - 29 janvier 2026 de 9h00 à 18h00 Liens rapides Inscription visiteur Réserver un stand Contactez-nous Actualités Newsletter Co-localisé avec : Organisé par : © Copyright 2025",15:00,15:20,Théâtre 3,28 - 29 janvier 2026 | Porte de Versailles | Hall 6 28 - 29 janvier 2026 | Porte de Versailles | Hall 6,"Mathias PRZYGODA, Co-gérant, docteur en sociologie & formateur nouvelles générations au travail | Lucas HILLEREAU, Co-gérant, ingénieur de recherche en science de l’éducation et de la formation (SDEF)"
https://www.learningtechnologiesfrance.com/learning-technologies-paris-2026-power-sessions/session-tbc-sponsoris%C3%A9e-par-rise-up-1,De la vision pédagogique à la plateforme digitale : retour d’expérience Immerscio.bio,"mercredi 28 janvier 2026 15:00 - 15:20 Théâtre 1 Comment transformer une vision pédagogique en un écosystème digital cohérent, performant et centré sur l’expérience apprenant ? À travers ce retour d’expérience, Immerscio.bio. dévoile les coulisses de la refonte de son écosystème digital — site internet et plateforme LMS — pensés comme un ensemble cohérent et indissociable, au service de la lisibilité de l’offre, de la fluidité des parcours et de l’efficacité opérationnelle. De l’expression des besoins aux choix technologiques, en passant par la conception de l’expérience utilisateur et la mise en production, cette conférence revient de manière concrète et transparente sur les décisions structurantes, les apprentissages clés et les bénéfices observés pour les équipes comme pour les apprenants. Un témoignage client authentique, destiné aux organismes de formation et aux acteurs de la formation qui souhaitent concevoir ou faire évoluer leur écosystème digital de formation avec méthode, cohérence et impact. Speakers Sandrine LEMOINE, CEO - Immerscio.bio Intissar KHEDIM, Chargé de Communication - Immerscio.bio Edmon EZRIBI, IT Manager - Immerscio.bio Olivier FAMERY, Learning Consultant & CSM - Rise Up Ajouter au calendrier Les sponsors de Learning Technologies France 2026 Loading Platinum 360Learning Platinum Apolearn Platinum Bealink Platinum Edflex Platinum Firstgroup Platinum Kwark Platinum Rise Up Platinum Septeo Education Platinum Teach Up Platinum Very Up Loading Gold Aptilink Gold Autrice Gold Baber Learning Gold Beedeez Gold Cegid Gold CEGOS Gold Cornerstone Gold CrossKnowledge Gold Didask Gold Distrisoft Gold Docebo Gold Dokeos Gold E-TIPI LEARNING Gold Edtake Gold Edunao Gold ETS TOEIC Gold iSpring Gold ISTF Gold Klara Gold Kokoroe Gold MOS - MindOnSite Gold MyConnecting Gold NIIT Gold Procertif Gold Speexx Gold TeachizyPlus Gold Training Orchestra Gold XOS Silver Arts et Métiers Silver ATTENSI Silver Busuu Silver EXPERQUIZ Silver Learnlight Silver Ludicius Interactive Silver Shortways Silver Synthesia Silver Techsmith Silver Tosa Rdv au salon dans : Inscription gratuite Paris Expo - Hall 6 1 Place de la Porte de Versailles, 75015 Paris, France 28 - 29 janvier 2026 de 9h00 à 18h00 Liens rapides Inscription visiteur Réserver un stand Contactez-nous Actualités Newsletter Co-localisé avec : Organisé par : © Copyright 2025",15:00,15:20,Théâtre 1,28 - 29 janvier 2026 | Porte de Versailles | Hall 6 28 - 29 janvier 2026 | Porte de Versailles | Hall 6,
https://www.learningtechnologiesfrance.com/learning-technologies-paris-2026-power-sessions/coach-humain-coach-ia-le-nouveau-duo-gagnant-de-lapprentissage-des-langues,"Coach humain, coach IA : le nouveau duo gagnant de l'apprentissage des langues","mercredi 28 janvier 2026 15:00 - 15:20 Théâtre 4 À l’ère de l’intelligence artificielle, la traduction est instantanée. Mais peut-on vraiment communiquer sans connexion humaine ? Cette session explore comment l’alliance entre intelligence humaine et intelligence artificielle redéfinit l’apprentissage des langues et devient un véritable levier de performance pour les organisations. L’IA apporte retour immédiat, personnalisation et analyses précises. Les formateurs humains, eux, offrent empathie, motivation et intelligence culturelle — ces qualités qu’aucune machine ne peut reproduire, mais qui font toute la différence dans la collaboration et le leadership interculturel. Car même dans un monde où l’IA peut tout traduire, apprendre une langue reste essentiel pour comprendre, collaborer et créer de la valeur ensemble. L’avenir appartient à ceux qui combinent le meilleur des deux mondes : la puissance de l’IA et la profondeur humaine, au service de la communication, de l’engagement et de la performance. Speakers Flora SOUPART-STIENNE, Head of Account Management - Learnlight Ajouter au calendrier Les sponsors de Learning Technologies France 2026 Loading Platinum 360Learning Platinum Apolearn Platinum Bealink Platinum Edflex Platinum Firstgroup Platinum Kwark Platinum Rise Up Platinum Septeo Education Platinum Teach Up Platinum Very Up Loading Gold Aptilink Gold Autrice Gold Baber Learning Gold Beedeez Gold Cegid Gold CEGOS Gold Cornerstone Gold CrossKnowledge Gold Didask Gold Distrisoft Gold Docebo Gold Dokeos Gold E-TIPI LEARNING Gold Edtake Gold Edunao Gold ETS TOEIC Gold iSpring Gold ISTF Gold Klara Gold Kokoroe Gold MOS - MindOnSite Gold MyConnecting Gold NIIT Gold Procertif Gold Speexx Gold TeachizyPlus Gold Training Orchestra Gold XOS Silver Arts et Métiers Silver ATTENSI Silver Busuu Silver EXPERQUIZ Silver Learnlight Silver Ludicius Interactive Silver Shortways Silver Synthesia Silver Techsmith Silver Tosa Rdv au salon dans : Inscription gratuite Paris Expo - Hall 6 1 Place de la Porte de Versailles, 75015 Paris, France 28 - 29 janvier 2026 de 9h00 à 18h00 Liens rapides Inscription visiteur Réserver un stand Contactez-nous Actualités Newsletter Co-localisé avec : Organisé par : © Copyright 2025",15:00,15:20,Théâtre 4,28 - 29 janvier 2026 | Porte de Versailles | Hall 6 28 - 29 janvier 2026 | Porte de Versailles | Hall 6,"Flora SOUPART-STIENNE, Head of Account Management"
https://www.learningtechnologiesfrance.com/learning-technologies-paris-2026-power-sessions/session-tbc-sponsoris%C3%A9e-par-cornerstone,Illustration de l’impact de l’IA sur les processus RH et les compétences,"mercredi 28 janvier 2026 15:00 - 15:20 Théâtre 2 Cet atelier propose une exploration concrète de l’impact de l’intelligence artificielle sur les processus RH et l’évolution des compétences en entreprise. À travers une démonstration et des études de cas de clients Cornerstone, il démontrera comment notre solution Galaxy IA optimise le recrutement, la gestion des talents, l’automatisation des tâches administratives et la personnalisation des parcours de formation. Les participants découvriront des exemples d’applications permettant à la fois de gagner en efficacité et d’accompagner l’évolution des métiers. Cet atelier vise à offrir une vision claire des bénéfices et des enjeux de l’IA, des agents IA, pour le futur du travail, en mettant l’accent sur l’adaptation des compétences et la transformation des pratiques RH. Speakers Matthieu LANDRE, Solution Consultant - Cornerstone Ajouter au calendrier Les sponsors de Learning Technologies France 2026 Loading Platinum 360Learning Platinum Apolearn Platinum Bealink Platinum Edflex Platinum Firstgroup Platinum Kwark Platinum Rise Up Platinum Septeo Education Platinum Teach Up Platinum Very Up Loading Gold Aptilink Gold Autrice Gold Baber Learning Gold Beedeez Gold Cegid Gold CEGOS Gold Cornerstone Gold CrossKnowledge Gold Didask Gold Distrisoft Gold Docebo Gold Dokeos Gold E-TIPI LEARNING Gold Edtake Gold Edunao Gold ETS TOEIC Gold iSpring Gold ISTF Gold Klara Gold Kokoroe Gold MOS - MindOnSite Gold MyConnecting Gold NIIT Gold Procertif Gold Speexx Gold TeachizyPlus Gold Training Orchestra Gold XOS Silver Arts et Métiers Silver ATTENSI Silver Busuu Silver EXPERQUIZ Silver Learnlight Silver Ludicius Interactive Silver Shortways Silver Synthesia Silver Techsmith Silver Tosa Rdv au salon dans : Inscription gratuite Paris Expo - Hall 6 1 Place de la Porte de Versailles, 75015 Paris, France 28 - 29 janvier 2026 de 9h00 à 18h00 Liens rapides Inscription visiteur Réserver un stand Contactez-nous Actualités Newsletter Co-localisé avec : Organisé par : © Copyright 2025",15:00,15:20,Théâtre 2,28 - 29 janvier 2026 | Porte de Versailles | Hall 6 28 - 29 janvier 2026 | Porte de Versailles | Hall 6,
https://www.learningtechnologiesfrance.com/learning-technologies-paris-2026-power-sessions/former-les-leaders-de-demain-quand-le-d%C3%A9veloppement-des-postures-manag%C3%A9riales-passe-de-lintangible-au-mesurable,Former les leaders de demain : quand le développement des postures managériales passe de l’intangible au mesurable,"mercredi 28 janvier 2026 15:30 - 15:50 Théâtre 2 Accompagner les talents émergents, c’est aujourd’hui aller au-delà de la simple transmission des savoirs. Chez Carrefour, le développement du leadership repose sur la transformation durable des postures managériales et sur la capacité à en mesurer les évolutions, longtemps considérées comme intangibles. Mais alors, quels indicateurs mobiliser ? Comment évaluer l’impact réel des programmes talents ? Carrefour partage son approche : faire de la mesure et de la valorisation des postures clés un appui concret pour accompagner la progression des talents. Speakers Romain ETAY, CRO & co-fondateur - Klara Vanessa KOLASNIEWSKI, Responsable Programmes Talents - Carrefour Ajouter au calendrier Les sponsors de Learning Technologies France 2026 Loading Platinum 360Learning Platinum Apolearn Platinum Bealink Platinum Edflex Platinum Firstgroup Platinum Kwark Platinum Rise Up Platinum Septeo Education Platinum Teach Up Platinum Very Up Loading Gold Aptilink Gold Autrice Gold Baber Learning Gold Beedeez Gold Cegid Gold CEGOS Gold Cornerstone Gold CrossKnowledge Gold Didask Gold Distrisoft Gold Docebo Gold Dokeos Gold E-TIPI LEARNING Gold Edtake Gold Edunao Gold ETS TOEIC Gold iSpring Gold ISTF Gold Klara Gold Kokoroe Gold MOS - MindOnSite Gold MyConnecting Gold NIIT Gold Procertif Gold Speexx Gold TeachizyPlus Gold Training Orchestra Gold XOS Silver Arts et Métiers Silver ATTENSI Silver Busuu Silver EXPERQUIZ Silver Learnlight Silver Ludicius Interactive Silver Shortways Silver Synthesia Silver Techsmith Silver Tosa Rdv au salon dans : Inscription gratuite Paris Expo - Hall 6 1 Place de la Porte de Versailles, 75015 Paris, France 28 - 29 janvier 2026 de 9h00 à 18h00 Liens rapides Inscription visiteur Réserver un stand Contactez-nous Actualités Newsletter Co-localisé avec : Organisé par : © Copyright 2025",15:30,15:50,Théâtre 2,28 - 29 janvier 2026 | Porte de Versailles | Hall 6 28 - 29 janvier 2026 | Porte de Versailles | Hall 6,"Romain ETAY, CRO & co-fondateur"
https://www.learningtechnologiesfrance.com/learning-technologies-paris-2026-power-sessions/de-la-th%C3%A9orie-%C3%A0-la-pratique-pourquoi-role-play-et-coaching-sont-le-futur-du-learning,De la théorie à la pratique : pourquoi role-play et coaching sont le futur du learning,"mercredi 28 janvier 2026 15:30 - 15:50 Théâtre 4 L’avenir du learning ne repose plus sur “plus de contenu”, mais sur un accompagnement en temps réel, disponible au moment exact où un manager en a besoin. Pendant des années, les organisations ont investi dans la formation, mais l’impact se dilue dès le retour au quotidien. L’apprentissage n' échoue pas dans la salle de classe, il échoue au moment de l’application. C’est ce fossé que Coachello comble. Le coaching humain apporte la profondeur, l’IA apporte la continuité, et la valeur naît de leur combinaison - complétée par un role play avatarisé qui permet de pratiquer sans risque et de transformer les compétences en réflexes. Dans cette session, nous montrerons comment un manager peut s’entraîner à mener des conversations de feedback, alignées avec les référentiels et la méthodologie de son entreprise, directement dans le flux du travail. Ce n’est plus de la formation, c’est du performance enablement continu, contextualisé et scalable. Speakers Quentin BOUCHE, Co-Fondateur - Coachello Ajouter au calendrier Les sponsors de Learning Technologies France 2026 Loading Platinum 360Learning Platinum Apolearn Platinum Bealink Platinum Edflex Platinum Firstgroup Platinum Kwark Platinum Rise Up Platinum Septeo Education Platinum Teach Up Platinum Very Up Loading Gold Aptilink Gold Autrice Gold Baber Learning Gold Beedeez Gold Cegid Gold CEGOS Gold Cornerstone Gold CrossKnowledge Gold Didask Gold Distrisoft Gold Docebo Gold Dokeos Gold E-TIPI LEARNING Gold Edtake Gold Edunao Gold ETS TOEIC Gold iSpring Gold ISTF Gold Klara Gold Kokoroe Gold MOS - MindOnSite Gold MyConnecting Gold NIIT Gold Procertif Gold Speexx Gold TeachizyPlus Gold Training Orchestra Gold XOS Silver Arts et Métiers Silver ATTENSI Silver Busuu Silver EXPERQUIZ Silver Learnlight Silver Ludicius Interactive Silver Shortways Silver Synthesia Silver Techsmith Silver Tosa Rdv au salon dans : Inscription gratuite Paris Expo - Hall 6 1 Place de la Porte de Versailles, 75015 Paris, France 28 - 29 janvier 2026 de 9h00 à 18h00 Liens rapides Inscription visiteur Réserver un stand Contactez-nous Actualités Newsletter Co-localisé avec : Organisé par : © Copyright 2025",15:30,15:50,Théâtre 4,28 - 29 janvier 2026 | Porte de Versailles | Hall 6 28 - 29 janvier 2026 | Porte de Versailles | Hall 6,"Quentin BOUCHE, Co-Fondateur"
https://www.learningtechnologiesfrance.com/learning-technologies-paris-2026-power-sessions/session-tbc-sponsoris%C3%A9e-par-very-up,Transformez vos bureaux en centres d’entraînement augmentés par l’IA,"mercredi 28 janvier 2026 15:30 - 15:50 Théâtre 1 Comment entraîner massivement des conseillers aux gestes commerciaux, directement dans leurs bureaux, avec des sessions collectives qui ressemblent au réel et donnent vraiment envie d’apprendre ? Dans cette session flash, Very Up vous partage les coulisses d’un projet devenu success story dans une grande banque de réseau : la création de centres d’entraînement augmentés par l’IA, capables de préparer des milliers de collaborateurs aux situations clés de leur métier. Vous découvrirez comment des moments synchrones peuvent être transformés en véritables espaces d’essai, où l’on répète, s’ajuste, se trompe, réussit, et où l’IA joue un rôle essentiel pour multiplier les tentatives, personnaliser les parcours et permettre à chacun de maîtriser les bons gestes. Nous raconterons comment ce dispositif est passé d’un POC inspirant à une mécanique d’entraînement massive, vivante et durable, et pourquoi ce format - simple, pragmatique, efficace - préfigure selon nous la formation de demain. Une session conçue pour celles et ceux qui veulent mettre la pratique au cœur de la transformation commerciale… et voir comment l’IA peut décupler la puissance du learning sur le terrain. Speakers Alexandra MAURY GRILLÉ, DGA - Very Up Florian PLOIX, Directeur Conseil & Innovation - Very Up Ajouter au calendrier Les sponsors de Learning Technologies France 2026 Loading Platinum 360Learning Platinum Apolearn Platinum Bealink Platinum Edflex Platinum Firstgroup Platinum Kwark Platinum Rise Up Platinum Septeo Education Platinum Teach Up Platinum Very Up Loading Gold Aptilink Gold Autrice Gold Baber Learning Gold Beedeez Gold Cegid Gold CEGOS Gold Cornerstone Gold CrossKnowledge Gold Didask Gold Distrisoft Gold Docebo Gold Dokeos Gold E-TIPI LEARNING Gold Edtake Gold Edunao Gold ETS TOEIC Gold iSpring Gold ISTF Gold Klara Gold Kokoroe Gold MOS - MindOnSite Gold MyConnecting Gold NIIT Gold Procertif Gold Speexx Gold TeachizyPlus Gold Training Orchestra Gold XOS Silver Arts et Métiers Silver ATTENSI Silver Busuu Silver EXPERQUIZ Silver Learnlight Silver Ludicius Interactive Silver Shortways Silver Synthesia Silver Techsmith Silver Tosa Rdv au salon dans : Inscription gratuite Paris Expo - Hall 6 1 Place de la Porte de Versailles, 75015 Paris, France 28 - 29 janvier 2026 de 9h00 à 18h00 Liens rapides Inscription visiteur Réserver un stand Contactez-nous Actualités Newsletter Co-localisé avec : Organisé par : © Copyright 2025",15:30,15:50,Théâtre 1,28 - 29 janvier 2026 | Porte de Versailles | Hall 6 28 - 29 janvier 2026 | Porte de Versailles | Hall 6,
https://www.learningtechnologiesfrance.com/learning-technologies-paris-2026-power-sessions/formation-immersive-comment-la-xr-r%C3%A9volutionne-le-d%C3%A9veloppement-des-comp%C3%A9tences,Formation immersive : Comment la XR révolutionne le développement des compétences,"mercredi 28 janvier 2026 15:30 - 15:50 Théâtre 3 La formation professionnelle connaît sa plus grande révolution avec l'émergence de la XR (Extended Reality). Au-delà de la seule réalité virtuelle, l'écosystème immersif complet - VR, AR, et technologies sensorielles - transforme radicalement le développement des compétences. Cette présentation explore comment la XR révolutionne concrètement l'apprentissage : taux de rétention multiplié par 4, temps d'acquisition divisé par 2, grâce à l'immersion totale combinant visuel, audio, haptique et même olfactif. Découvrez les nouvelles frontières de l'apprentissage immersif : ressentir physiquement les vibrations d'une machine défaillante, percevoir les odeurs d'un processus chimique, manipuler des objets virtuels avec un retour tactile réaliste. Ces technologies sensorielles transforment l'expérience d'apprentissage en simulation ultra-réaliste. À travers des cas d'usage innovants, explorez pourquoi la XR multi-sensorielle n'est plus une expérimentation mais l'avenir de la formation professionnelle. Speakers Abdoul BENAMER, Fondateur & CEO - I-OASIS Ajouter au calendrier Les sponsors de Learning Technologies France 2026 Loading Platinum 360Learning Platinum Apolearn Platinum Bealink Platinum Edflex Platinum Firstgroup Platinum Kwark Platinum Rise Up Platinum Septeo Education Platinum Teach Up Platinum Very Up Loading Gold Aptilink Gold Autrice Gold Baber Learning Gold Beedeez Gold Cegid Gold CEGOS Gold Cornerstone Gold CrossKnowledge Gold Didask Gold Distrisoft Gold Docebo Gold Dokeos Gold E-TIPI LEARNING Gold Edtake Gold Edunao Gold ETS TOEIC Gold iSpring Gold ISTF Gold Klara Gold Kokoroe Gold MOS - MindOnSite Gold MyConnecting Gold NIIT Gold Procertif Gold Speexx Gold TeachizyPlus Gold Training Orchestra Gold XOS Silver Arts et Métiers Silver ATTENSI Silver Busuu Silver EXPERQUIZ Silver Learnlight Silver Ludicius Interactive Silver Shortways Silver Synthesia Silver Techsmith Silver Tosa Rdv au salon dans : Inscription gratuite Paris Expo - Hall 6 1 Place de la Porte de Versailles, 75015 Paris, France 28 - 29 janvier 2026 de 9h00 à 18h00 Liens rapides Inscription visiteur Réserver un stand Contactez-nous Actualités Newsletter Co-localisé avec : Organisé par : © Copyright 2025",15:30,15:50,Théâtre 3,28 - 29 janvier 2026 | Porte de Versailles | Hall 6 28 - 29 janvier 2026 | Porte de Versailles | Hall 6,
https://www.learningtechnologiesfrance.com/learning-technologies-paris-2026-power-sessions/session-tbc-sponsoris%C3%A9e-par-teachizyplus,Et si on arrêtait de saboter nos projets de formation ? 3 cas clients à la loupe qui montrent comment réussir !,"mercredi 28 janvier 2026 16:00 - 16:20 Théâtre 3 Trop de projets de formation échouent non pas par manque de volonté, mais par manque de cadre. En s’appuyant sur des cas concrets (franchise, CFA, secteur industriel), cette session démonte les causes fréquentes d’échec : outils inadaptés, manque de méthode, priorisation insuffisante… Et propose des leviers simples pour débloquer durablement les projets.En 20 minutes, TeachizyPlus vous montre comment poser les bonnes fondations : clarifier les objectifs, structurer l’offre, bien s’entourer… et choisir une plateforme adaptée ! Une session pragmatique, qui s’appuie sur des cas clients 2025, pour déjouer ce qui bloque encore vos projets de formation. Speakers Anne MANOUSSAKI, Référente Pédagogique - TeachizyPlus Soizic FOUILLAND, DG - TeachizyPlus Océane CLERC, Marketing Manager - GENIALLY Ajouter au calendrier Les sponsors de Learning Technologies France 2026 Loading Platinum 360Learning Platinum Apolearn Platinum Bealink Platinum Edflex Platinum Firstgroup Platinum Kwark Platinum Rise Up Platinum Septeo Education Platinum Teach Up Platinum Very Up Loading Gold Aptilink Gold Autrice Gold Baber Learning Gold Beedeez Gold Cegid Gold CEGOS Gold Cornerstone Gold CrossKnowledge Gold Didask Gold Distrisoft Gold Docebo Gold Dokeos Gold E-TIPI LEARNING Gold Edtake Gold Edunao Gold ETS TOEIC Gold iSpring Gold ISTF Gold Klara Gold Kokoroe Gold MOS - MindOnSite Gold MyConnecting Gold NIIT Gold Procertif Gold Speexx Gold TeachizyPlus Gold Training Orchestra Gold XOS Silver Arts et Métiers Silver ATTENSI Silver Busuu Silver EXPERQUIZ Silver Learnlight Silver Ludicius Interactive Silver Shortways Silver Synthesia Silver Techsmith Silver Tosa Rdv au salon dans : Inscription gratuite Paris Expo - Hall 6 1 Place de la Porte de Versailles, 75015 Paris, France 28 - 29 janvier 2026 de 9h00 à 18h00 Liens rapides Inscription visiteur Réserver un stand Contactez-nous Actualités Newsletter Co-localisé avec : Organisé par : © Copyright 2025",16:00,16:20,Théâtre 3,28 - 29 janvier 2026 | Porte de Versailles | Hall 6 28 - 29 janvier 2026 | Porte de Versailles | Hall 6,
https://www.learningtechnologiesfrance.com/learning-technologies-paris-2026-power-sessions/impact-de-lia-dans-les-ressources-humaines-avec-une-ia-pragmatico-pratique,Impact de l’IA dans les Ressources Humaines avec une IA pragmatico-pratique,"mercredi 28 janvier 2026 16:00 - 16:20 Théâtre 1 L’IA n’a d’impact que lorsqu’elle devient un réflexe de travail pour chacun. Cette power session propose une méthode opérationnelle pour déployer l’IA à grande échelle : cartographier les cas d’usage par métier, former par micro-parcours ancrés dans le quotidien, outiller les équipes avec des assistants IA sécurisés et mesurer l’adoption réelle. Au programme : retours de terrain, outils IA essentiels pour les RH, quick wins, implémentation et erreurs à éviter (pilotage, gouvernance, RGPD, sécurité, conduite du changement). Objectif : repartir avec un plan simple et actionnable en trois volets — compétences, outils, impact — pour rendre l’IA réellement utile à tous les collaborateurs, des RH aux opérations, dès le mois prochain. Speakers Thomas FLAURAUD, Conférencier IA et RH, Consultant IA et Expert formateur IA Licencié SAVOIR IA Puy-de-Dôme et Rhône - SavoirIA® Ajouter au calendrier Les sponsors de Learning Technologies France 2026 Loading Platinum 360Learning Platinum Apolearn Platinum Bealink Platinum Edflex Platinum Firstgroup Platinum Kwark Platinum Rise Up Platinum Septeo Education Platinum Teach Up Platinum Very Up Loading Gold Aptilink Gold Autrice Gold Baber Learning Gold Beedeez Gold Cegid Gold CEGOS Gold Cornerstone Gold CrossKnowledge Gold Didask Gold Distrisoft Gold Docebo Gold Dokeos Gold E-TIPI LEARNING Gold Edtake Gold Edunao Gold ETS TOEIC Gold iSpring Gold ISTF Gold Klara Gold Kokoroe Gold MOS - MindOnSite Gold MyConnecting Gold NIIT Gold Procertif Gold Speexx Gold TeachizyPlus Gold Training Orchestra Gold XOS Silver Arts et Métiers Silver ATTENSI Silver Busuu Silver EXPERQUIZ Silver Learnlight Silver Ludicius Interactive Silver Shortways Silver Synthesia Silver Techsmith Silver Tosa Rdv au salon dans : Inscription gratuite Paris Expo - Hall 6 1 Place de la Porte de Versailles, 75015 Paris, France 28 - 29 janvier 2026 de 9h00 à 18h00 Liens rapides Inscription visiteur Réserver un stand Contactez-nous Actualités Newsletter Co-localisé avec : Organisé par : © Copyright 2025",16:00,16:20,Théâtre 1,28 - 29 janvier 2026 | Porte de Versailles | Hall 6 28 - 29 janvier 2026 | Porte de Versailles | Hall 6,"Thomas FLAURAUD, Conférencier IA et RH, Consultant IA et Expert formateur IA Licencié SAVOIR IA Puy-de-Dôme et Rhône"
https://www.learningtechnologiesfrance.com/learning-technologies-paris-2026-power-sessions/session-tbc-sponsoris%C3%A9e-par-bombadil-production,"Fini des storyboards, clips IA…Le reset du e-learning","mercredi 28 janvier 2026 16:00 - 16:20 Théâtre 4 Ajouter au calendrier Les sponsors de Learning Technologies France 2026 Loading Platinum 360Learning Platinum Apolearn Platinum Bealink Platinum Edflex Platinum Firstgroup Platinum Kwark Platinum Rise Up Platinum Septeo Education Platinum Teach Up Platinum Very Up Loading Gold Aptilink Gold Autrice Gold Baber Learning Gold Beedeez Gold Cegid Gold CEGOS Gold Cornerstone Gold CrossKnowledge Gold Didask Gold Distrisoft Gold Docebo Gold Dokeos Gold E-TIPI LEARNING Gold Edtake Gold Edunao Gold ETS TOEIC Gold iSpring Gold ISTF Gold Klara Gold Kokoroe Gold MOS - MindOnSite Gold MyConnecting Gold NIIT Gold Procertif Gold Speexx Gold TeachizyPlus Gold Training Orchestra Gold XOS Silver Arts et Métiers Silver ATTENSI Silver Busuu Silver EXPERQUIZ Silver Learnlight Silver Ludicius Interactive Silver Shortways Silver Synthesia Silver Techsmith Silver Tosa Rdv au salon dans : Inscription gratuite Paris Expo - Hall 6 1 Place de la Porte de Versailles, 75015 Paris, France 28 - 29 janvier 2026 de 9h00 à 18h00 Liens rapides Inscription visiteur Réserver un stand Contactez-nous Actualités Newsletter Co-localisé avec : Organisé par : © Copyright 2025",16:00,16:20,Théâtre 4,28 - 29 janvier 2026 | Porte de Versailles | Hall 6 28 - 29 janvier 2026 | Porte de Versailles | Hall 6,
https://www.learningtechnologiesfrance.com/learning-technologies-paris-2026-power-sessions/session-tbc-sponsoris%C3%A9e-par-edflex-1,"Learning Impact Awards, 1 gagnant témoigne sur son projet à impact","mercredi 28 janvier 2026 16:00 - 16:20 Théâtre 2 Chaque année, les Learning Impact Awards distinguent des organisations qui ne se contentent pas de former “plus”, mais qui parviennent à former mieux — avec des projets capables de générer un impact réel sur les équipes, les métiers et la dynamique collective. Lors de cette prise de parole, l’un des lauréats des Learning Impact Awards, la Caisse d’Épargne Hauts de France, partage les coulisses de son projet primé : l’ambition de départ, les choix structurants, les leviers d’adhésion, et les enseignements tirés du terrain. Une occasion unique de comprendre ce qui fait la différence entre une initiative learning inspirante… et un projet reconnu pour sa capacité à transformer. Une intervention courte, incarnée et concrète, pour repartir avec des repères actionnables et une vision claire de ce que signifie, aujourd’hui, faire de la formation un levier d’impact. Speakers Virginie LENNE, Chef de Projet Développement des Compétences Formation - Caisse d’Epargne Hauts de France Carole VENDÉ, VP People & Impact - Edflex Ajouter au calendrier Les sponsors de Learning Technologies France 2026 Loading Platinum 360Learning Platinum Apolearn Platinum Bealink Platinum Edflex Platinum Firstgroup Platinum Kwark Platinum Rise Up Platinum Septeo Education Platinum Teach Up Platinum Very Up Loading Gold Aptilink Gold Autrice Gold Baber Learning Gold Beedeez Gold Cegid Gold CEGOS Gold Cornerstone Gold CrossKnowledge Gold Didask Gold Distrisoft Gold Docebo Gold Dokeos Gold E-TIPI LEARNING Gold Edtake Gold Edunao Gold ETS TOEIC Gold iSpring Gold ISTF Gold Klara Gold Kokoroe Gold MOS - MindOnSite Gold MyConnecting Gold NIIT Gold Procertif Gold Speexx Gold TeachizyPlus Gold Training Orchestra Gold XOS Silver Arts et Métiers Silver ATTENSI Silver Busuu Silver EXPERQUIZ Silver Learnlight Silver Ludicius Interactive Silver Shortways Silver Synthesia Silver Techsmith Silver Tosa Rdv au salon dans : Inscription gratuite Paris Expo - Hall 6 1 Place de la Porte de Versailles, 75015 Paris, France 28 - 29 janvier 2026 de 9h00 à 18h00 Liens rapides Inscription visiteur Réserver un stand Contactez-nous Actualités Newsletter Co-localisé avec : Organisé par : © Copyright 2025",16:00,16:20,Théâtre 2,28 - 29 janvier 2026 | Porte de Versailles | Hall 6 28 - 29 janvier 2026 | Porte de Versailles | Hall 6,
https://www.learningtechnologiesfrance.com/learning-technologies-paris-2026-power-sessions/augmentez-la-confiance-de-vos-apprenants-avec-cornerstone-immerse-takoma,Augmentez la confiance de vos apprenants avec Cornerstone Immerse & TAKOMA,"mercredi 28 janvier 2026 16:30 - 16:50 Théâtre 2 L’alliance d’une technologie immersive et du savoir-faire pédagogique de TAKOMA au sein d’une nouvelle offre, sur catalogue ou sur-mesure selon vos besoins. La formation immersive au service du développement des compétences comportementales ! Découvrez Cornerstone Immerse, la plateforme de formation immersive au service du développement des compétences comportementales. Grâce aux interactions avec un ou plusieurs avatars, réinventez l’expérience pédagogique en proposant du contenu engageant, tout en maîtrisant les coûts. Après cette Power Session, vous pourrez déterminer si le compagnon IA ou l’arbre de décisions est le meilleur choix pour accompagner vos apprenants ! Speakers Alexis MASSART, Responsable de l’équipe XR - TAKOMA Ajouter au calendrier Les sponsors de Learning Technologies France 2026 Loading Platinum 360Learning Platinum Apolearn Platinum Bealink Platinum Edflex Platinum Firstgroup Platinum Kwark Platinum Rise Up Platinum Septeo Education Platinum Teach Up Platinum Very Up Loading Gold Aptilink Gold Autrice Gold Baber Learning Gold Beedeez Gold Cegid Gold CEGOS Gold Cornerstone Gold CrossKnowledge Gold Didask Gold Distrisoft Gold Docebo Gold Dokeos Gold E-TIPI LEARNING Gold Edtake Gold Edunao Gold ETS TOEIC Gold iSpring Gold ISTF Gold Klara Gold Kokoroe Gold MOS - MindOnSite Gold MyConnecting Gold NIIT Gold Procertif Gold Speexx Gold TeachizyPlus Gold Training Orchestra Gold XOS Silver Arts et Métiers Silver ATTENSI Silver Busuu Silver EXPERQUIZ Silver Learnlight Silver Ludicius Interactive Silver Shortways Silver Synthesia Silver Techsmith Silver Tosa Rdv au salon dans : Inscription gratuite Paris Expo - Hall 6 1 Place de la Porte de Versailles, 75015 Paris, France 28 - 29 janvier 2026 de 9h00 à 18h00 Liens rapides Inscription visiteur Réserver un stand Contactez-nous Actualités Newsletter Co-localisé avec : Organisé par : © Copyright 2025",16:30,16:50,Théâtre 2,28 - 29 janvier 2026 | Porte de Versailles | Hall 6 28 - 29 janvier 2026 | Porte de Versailles | Hall 6,
https://www.learningtechnologiesfrance.com/learning-technologies-paris-2026-power-sessions/session-tbc-sponsoris%C3%A9e-par-innovakademy,Le Challenge du mois : un format ludique et agile pour engager vos équipes,"mercredi 28 janvier 2026 16:30 - 16:50 Théâtre 4 Découvrez comment transformer vos enjeux de formation en une expérience d’apprentissage stimulante, ludique et accessible… sans exploser votre budget ! Lors de cette session, nous vous présenterons le Challenge du mois, un format innovant qui allie engagement et efficacité pédagogique grâce au microlearning. Qu’il s’agisse de prévention, d’inclusion, de transition écologique ou d’efficacité professionnelle, cette solution offre un modèle agile, clé en main ou 100% sur-mesure, conçu pour toucher tous les publics, y compris les plus éloignés de la formation. Porté par les stratégies gagnantes de la ludopédagogie et de la multimodalité, il propose des capsules variées (vidéos, podcasts, activités interactives, jeux…) qui mobilisent vos équipes sur 21 à 28 jours. Venez découvrir pourquoi ce format fonctionne et testez en direct un extrait de l’un de nos Challenges du mois Speakers Betty ABILIOU, PDG et fondatrice - Innov’ Akademy Ajouter au calendrier Les sponsors de Learning Technologies France 2026 Loading Platinum 360Learning Platinum Apolearn Platinum Bealink Platinum Edflex Platinum Firstgroup Platinum Kwark Platinum Rise Up Platinum Septeo Education Platinum Teach Up Platinum Very Up Loading Gold Aptilink Gold Autrice Gold Baber Learning Gold Beedeez Gold Cegid Gold CEGOS Gold Cornerstone Gold CrossKnowledge Gold Didask Gold Distrisoft Gold Docebo Gold Dokeos Gold E-TIPI LEARNING Gold Edtake Gold Edunao Gold ETS TOEIC Gold iSpring Gold ISTF Gold Klara Gold Kokoroe Gold MOS - MindOnSite Gold MyConnecting Gold NIIT Gold Procertif Gold Speexx Gold TeachizyPlus Gold Training Orchestra Gold XOS Silver Arts et Métiers Silver ATTENSI Silver Busuu Silver EXPERQUIZ Silver Learnlight Silver Ludicius Interactive Silver Shortways Silver Synthesia Silver Techsmith Silver Tosa Rdv au salon dans : Inscription gratuite Paris Expo - Hall 6 1 Place de la Porte de Versailles, 75015 Paris, France 28 - 29 janvier 2026 de 9h00 à 18h00 Liens rapides Inscription visiteur Réserver un stand Contactez-nous Actualités Newsletter Co-localisé avec : Organisé par : © Copyright 2025",16:30,16:50,Théâtre 4,28 - 29 janvier 2026 | Porte de Versailles | Hall 6 28 - 29 janvier 2026 | Porte de Versailles | Hall 6,
https://www.learningtechnologiesfrance.com/learning-technologies-paris-2026-power-sessions/session-tbc-sponsoris%C3%A9e-par-360learning,Simulation professionnelle immersive : l’IA qui vous met en conditions réelles,"mercredi 28 janvier 2026 16:30 - 16:50 Théâtre 1 Imaginez un outil capable de transformer la formation, qui ne se contente plus d’expliquer, mais qui fait vivre les situations. Un environnement sécurisé où les collaborateurs s’entraînent à des cas professionnels réels : management, gestion de conflits, échanges clients, projets sous tension, lancement de produit. Avec Gentlerain, l’IA ne donne pas de réponses toutes faites. Elle interagit, met au défi et s’adapte aux choix de l’apprenant, pour un apprentissage actif, sans jugement et sans risque opérationnel. Lors de cette power session, Edouard Tragin, Head of Sales Engineering EMEA chez 360Learning, vous fera découvrir comment Gentlerain transforme la formation en expérience immersive. Speakers Edouard TRAGIN, Head of Sales Engineering - 360Learning Ajouter au calendrier Les sponsors de Learning Technologies France 2026 Loading Platinum 360Learning Platinum Apolearn Platinum Bealink Platinum Edflex Platinum Firstgroup Platinum Kwark Platinum Rise Up Platinum Septeo Education Platinum Teach Up Platinum Very Up Loading Gold Aptilink Gold Autrice Gold Baber Learning Gold Beedeez Gold Cegid Gold CEGOS Gold Cornerstone Gold CrossKnowledge Gold Didask Gold Distrisoft Gold Docebo Gold Dokeos Gold E-TIPI LEARNING Gold Edtake Gold Edunao Gold ETS TOEIC Gold iSpring Gold ISTF Gold Klara Gold Kokoroe Gold MOS - MindOnSite Gold MyConnecting Gold NIIT Gold Procertif Gold Speexx Gold TeachizyPlus Gold Training Orchestra Gold XOS Silver Arts et Métiers Silver ATTENSI Silver Busuu Silver EXPERQUIZ Silver Learnlight Silver Ludicius Interactive Silver Shortways Silver Synthesia Silver Techsmith Silver Tosa Rdv au salon dans : Inscription gratuite Paris Expo - Hall 6 1 Place de la Porte de Versailles, 75015 Paris, France 28 - 29 janvier 2026 de 9h00 à 18h00 Liens rapides Inscription visiteur Réserver un stand Contactez-nous Actualités Newsletter Co-localisé avec : Organisé par : © Copyright 2025",16:30,16:50,Théâtre 1,28 - 29 janvier 2026 | Porte de Versailles | Hall 6 28 - 29 janvier 2026 | Porte de Versailles | Hall 6,
https://www.learningtechnologiesfrance.com/learning-technologies-paris-2026-power-sessions/en-qu%C3%AAte-dinteractions-ludiques-pour-vos-formations-en-salle-ou-%C3%A0-distance-,En quête d'interactions ludiques pour vos formations en salle ou à distance ?,"mercredi 28 janvier 2026 16:30 - 16:50 Théâtre 3 Plongez dans l'univers de MOBITEACH, lors de notre atelier, et expérimentez la puissance de notre solution pour rendre vos formations plus interactives et engageantes. Nous combinons une intention pédagogique à un environnement d’apprentissage stimulant et motivant en utilisant des mécaniques et des ressorts issus du jeu. La gamification renforce les interactions sociales, en particulier lorsque les participants sont en équipe. Tous les participants répondent en live et cette simultanéité est un véritable atout pour procurer des expériences d’apprentissage dynamiques et interactives entre les participants, favorisant la mémorisation tout en dédramatisant l’erreur. Découvrez nos activités pédagogiques variées pour booster les interactions et testez nos capsules de jeux ludiques développées sur-mesure pour nos clients. Speakers Pascal STIEVENARD, Consultant Digital Learning - MOBITEACH Ajouter au calendrier Les sponsors de Learning Technologies France 2026 Loading Platinum 360Learning Platinum Apolearn Platinum Bealink Platinum Edflex Platinum Firstgroup Platinum Kwark Platinum Rise Up Platinum Septeo Education Platinum Teach Up Platinum Very Up Loading Gold Aptilink Gold Autrice Gold Baber Learning Gold Beedeez Gold Cegid Gold CEGOS Gold Cornerstone Gold CrossKnowledge Gold Didask Gold Distrisoft Gold Docebo Gold Dokeos Gold E-TIPI LEARNING Gold Edtake Gold Edunao Gold ETS TOEIC Gold iSpring Gold ISTF Gold Klara Gold Kokoroe Gold MOS - MindOnSite Gold MyConnecting Gold NIIT Gold Procertif Gold Speexx Gold TeachizyPlus Gold Training Orchestra Gold XOS Silver Arts et Métiers Silver ATTENSI Silver Busuu Silver EXPERQUIZ Silver Learnlight Silver Ludicius Interactive Silver Shortways Silver Synthesia Silver Techsmith Silver Tosa Rdv au salon dans : Inscription gratuite Paris Expo - Hall 6 1 Place de la Porte de Versailles, 75015 Paris, France 28 - 29 janvier 2026 de 9h00 à 18h00 Liens rapides Inscription visiteur Réserver un stand Contactez-nous Actualités Newsletter Co-localisé avec : Organisé par : © Copyright 2025",16:30,16:50,Théâtre 3,28 - 29 janvier 2026 | Porte de Versailles | Hall 6 28 - 29 janvier 2026 | Porte de Versailles | Hall 6,
https://www.learningtechnologiesfrance.com/learning-technologies-paris-2026-power-sessions/session-tbc-sponsoris%C3%A9e-par-didask,Comment engager activement les apprenants sans artifices ?,"mercredi 28 janvier 2026 17:00 - 17:20 Théâtre 3 Combien de vos formations misent sur la gamification ou le storytelling élaboré pour ""engager"" ? Et combien de fois l'impact pédagogique reste-t-il limité malgré ces artifices ? Pendant ce temps, vos apprenants décrochent. Pas parce que la formation manque d'animations, mais parce qu'elle manque de clarté, de pertinence, d'ancrage dans leurs défis réels. Et si l'engagement venait d'abord de l'efficacité pédagogique ? L'IA pédagogique de Didask fait exactement ça : créer rapidement et à échelle des formations ancrées dans la pratique, avec des temps forts entièrement personnalisée pour vos apprenants selon les besoins réels. Venez la découvrir en action ! Speakers Svetlana MEYER, Responsable Scientifique, Phd - Didask Ajouter au calendrier Les sponsors de Learning Technologies France 2026 Loading Platinum 360Learning Platinum Apolearn Platinum Bealink Platinum Edflex Platinum Firstgroup Platinum Kwark Platinum Rise Up Platinum Septeo Education Platinum Teach Up Platinum Very Up Loading Gold Aptilink Gold Autrice Gold Baber Learning Gold Beedeez Gold Cegid Gold CEGOS Gold Cornerstone Gold CrossKnowledge Gold Didask Gold Distrisoft Gold Docebo Gold Dokeos Gold E-TIPI LEARNING Gold Edtake Gold Edunao Gold ETS TOEIC Gold iSpring Gold ISTF Gold Klara Gold Kokoroe Gold MOS - MindOnSite Gold MyConnecting Gold NIIT Gold Procertif Gold Speexx Gold TeachizyPlus Gold Training Orchestra Gold XOS Silver Arts et Métiers Silver ATTENSI Silver Busuu Silver EXPERQUIZ Silver Learnlight Silver Ludicius Interactive Silver Shortways Silver Synthesia Silver Techsmith Silver Tosa Rdv au salon dans : Inscription gratuite Paris Expo - Hall 6 1 Place de la Porte de Versailles, 75015 Paris, France 28 - 29 janvier 2026 de 9h00 à 18h00 Liens rapides Inscription visiteur Réserver un stand Contactez-nous Actualités Newsletter Co-localisé avec : Organisé par : © Copyright 2025",17:00,17:20,Théâtre 3,28 - 29 janvier 2026 | Porte de Versailles | Hall 6 28 - 29 janvier 2026 | Porte de Versailles | Hall 6,
https://www.learningtechnologiesfrance.com/learning-technologies-paris-2026-power-sessions/session-tbc-sponsoris%C3%A9e-par-speexx-1,"From Language to Impact : Speexx, la plateforme qui développe les compétences qui comptent","mercredi 28 janvier 2026 17:00 - 17:20 Théâtre 2 Depuis plus de vingt ans, Speexx aide les entreprises à parler un langage commun – celui de la performance, de la communication et de la compréhension interculturelle. Tout a commencé avec les langues, notre ADN. Grâce à une pédagogie innovante et une technologie avancée, nous avons accompagné des millions d’apprenants dans plus de 1 500 entreprises internationales. Des milliers de classes virtuelles, d’heures de formation, et de coachings linguistiques ont permis à nos utilisateurs de franchir les frontières culturelles et professionnelles. Mais le monde du travail a changé. Les compétences humaines – communication, collaboration, leadership, adaptabilité – sont désormais les moteurs de la performance. C’est pourquoi, il y a trois ans, Speexx est devenu bien plus qu’une solution de formation linguistique : une plateforme de développement des compétences humaines. Aujourd’hui, Speexx réunit trois piliers essentiels : La formation en langues, pour améliorer la communication, la collaboration et l’impact à travers les cultures. Le coaching professionnel, pour renforcer les soft skills, le leadership et l’agilité dans un monde du travail en transformation. Le mentorat, pour favoriser le transfert d’expérience, la montée en compétence et la culture du partage au sein de l’entreprise. Tout cela dans un seul environnement intégré, connecté à vos outils RH, LMS ou plateformes d’apprentissage. Speexx offre une expérience fluide, mesurable et engageante, pour que la montée en compétences devienne un moteur de performance durable. Speakers Stéphanie DELAHAYE ROUSSEAU, Head of Sales France - Speexx Ajouter au calendrier Les sponsors de Learning Technologies France 2026 Loading Platinum 360Learning Platinum Apolearn Platinum Bealink Platinum Edflex Platinum Firstgroup Platinum Kwark Platinum Rise Up Platinum Septeo Education Platinum Teach Up Platinum Very Up Loading Gold Aptilink Gold Autrice Gold Baber Learning Gold Beedeez Gold Cegid Gold CEGOS Gold Cornerstone Gold CrossKnowledge Gold Didask Gold Distrisoft Gold Docebo Gold Dokeos Gold E-TIPI LEARNING Gold Edtake Gold Edunao Gold ETS TOEIC Gold iSpring Gold ISTF Gold Klara Gold Kokoroe Gold MOS - MindOnSite Gold MyConnecting Gold NIIT Gold Procertif Gold Speexx Gold TeachizyPlus Gold Training Orchestra Gold XOS Silver Arts et Métiers Silver ATTENSI Silver Busuu Silver EXPERQUIZ Silver Learnlight Silver Ludicius Interactive Silver Shortways Silver Synthesia Silver Techsmith Silver Tosa Rdv au salon dans : Inscription gratuite Paris Expo - Hall 6 1 Place de la Porte de Versailles, 75015 Paris, France 28 - 29 janvier 2026 de 9h00 à 18h00 Liens rapides Inscription visiteur Réserver un stand Contactez-nous Actualités Newsletter Co-localisé avec : Organisé par : © Copyright 2025",17:00,17:20,Théâtre 2,28 - 29 janvier 2026 | Porte de Versailles | Hall 6 28 - 29 janvier 2026 | Porte de Versailles | Hall 6,
https://www.learningtechnologiesfrance.com/learning-technologies-paris-2026-power-sessions/session-tbc-sponsoris%C3%A9e-par-dokeos,Agents IA: Comment libérer les formateurs des tâches chronophages ?,"mercredi 28 janvier 2026 17:00 - 17:20 Théâtre 1 Administration des parcours, suivi des apprenants, reporting, conformité ou support utilisateur : le quotidien des équipes formation est souvent rythmé par des tâches répétitives et chronophages. Cette conférence propose un retour d’expérience concret sur l’usage d’agents IA pour automatiser ces opérations. Animée par Salim Arrebei, manager de l’équipe support Dokeos, la session présentera des cas d’usage réels où les agents IA assistent administrateurs et formateurs, sans remplacer leur expertise. L’objectif est de réduire la charge opérationnelle, fiabiliser les données et recentrer les équipes sur des missions à plus forte valeur ajoutée. Une conférence orientée terrain, pour comprendre comment intégrer simplement des agents IA dans un LMS et améliorer efficacement le quotidien des équipes formation Speakers Salim ARREBEI, Customer Care Manager - DOKEOS Ajouter au calendrier Les sponsors de Learning Technologies France 2026 Loading Platinum 360Learning Platinum Apolearn Platinum Bealink Platinum Edflex Platinum Firstgroup Platinum Kwark Platinum Rise Up Platinum Septeo Education Platinum Teach Up Platinum Very Up Loading Gold Aptilink Gold Autrice Gold Baber Learning Gold Beedeez Gold Cegid Gold CEGOS Gold Cornerstone Gold CrossKnowledge Gold Didask Gold Distrisoft Gold Docebo Gold Dokeos Gold E-TIPI LEARNING Gold Edtake Gold Edunao Gold ETS TOEIC Gold iSpring Gold ISTF Gold Klara Gold Kokoroe Gold MOS - MindOnSite Gold MyConnecting Gold NIIT Gold Procertif Gold Speexx Gold TeachizyPlus Gold Training Orchestra Gold XOS Silver Arts et Métiers Silver ATTENSI Silver Busuu Silver EXPERQUIZ Silver Learnlight Silver Ludicius Interactive Silver Shortways Silver Synthesia Silver Techsmith Silver Tosa Rdv au salon dans : Inscription gratuite Paris Expo - Hall 6 1 Place de la Porte de Versailles, 75015 Paris, France 28 - 29 janvier 2026 de 9h00 à 18h00 Liens rapides Inscription visiteur Réserver un stand Contactez-nous Actualités Newsletter Co-localisé avec : Organisé par : © Copyright 2025",17:00,17:20,Théâtre 1,28 - 29 janvier 2026 | Porte de Versailles | Hall 6 28 - 29 janvier 2026 | Porte de Versailles | Hall 6,
https://www.learningtechnologiesfrance.com/learning-technologies-paris-2026-power-sessions/session-sponsoris%C3%A9e-par-33-trucs,33 trucs à la croisée des chemins entre microlearning et storytelling,"mercredi 28 janvier 2026 17:00 - 17:20 Théâtre 4 Là où le LMS structure les parcours, l’impact se joue souvent après : sur le terrain, dans le quotidien, au moment où l’attention est rare et où l’on a besoin d’un rappel clair, court, actionnable. Dans cette conférence démo, découvrez “le dernier kilomètre” de vos messages les plus critiques avec 33 Trucs : des stories de microlearning interactives, conçues en quelques minutes à partir de vos supports existants, puis diffusées instantanément sur tous les canaux déjà utilisés par vos équipes (Teams, email, SMS, WhatsApp… ou votre LMS). Sans installation ni friction. Ce nouveau format est à la croisée des chemins entre storytelling et microlearning. 33 trucs hybride les codes de la formation, du marketing et de la formation pour vous proposer un outil qui capte réellement l’attention de vos audiences. En 20 minutes, vous verrez comment transformer un document en une story “Insta-like” prête à l’emploi, mesurer l’adoption des équipes terrain et collecter des feedbacks en temps réel. Speakers Fabien BEN N’SIR, COO et co-fondateur - 33 TRUCS Ajouter au calendrier Les sponsors de Learning Technologies France 2026 Loading Platinum 360Learning Platinum Apolearn Platinum Bealink Platinum Edflex Platinum Firstgroup Platinum Kwark Platinum Rise Up Platinum Septeo Education Platinum Teach Up Platinum Very Up Loading Gold Aptilink Gold Autrice Gold Baber Learning Gold Beedeez Gold Cegid Gold CEGOS Gold Cornerstone Gold CrossKnowledge Gold Didask Gold Distrisoft Gold Docebo Gold Dokeos Gold E-TIPI LEARNING Gold Edtake Gold Edunao Gold ETS TOEIC Gold iSpring Gold ISTF Gold Klara Gold Kokoroe Gold MOS - MindOnSite Gold MyConnecting Gold NIIT Gold Procertif Gold Speexx Gold TeachizyPlus Gold Training Orchestra Gold XOS Silver Arts et Métiers Silver ATTENSI Silver Busuu Silver EXPERQUIZ Silver Learnlight Silver Ludicius Interactive Silver Shortways Silver Synthesia Silver Techsmith Silver Tosa Rdv au salon dans : Inscription gratuite Paris Expo - Hall 6 1 Place de la Porte de Versailles, 75015 Paris, France 28 - 29 janvier 2026 de 9h00 à 18h00 Liens rapides Inscription visiteur Réserver un stand Contactez-nous Actualités Newsletter Co-localisé avec : Organisé par : © Copyright 2025",17:00,17:20,Théâtre 4,28 - 29 janvier 2026 | Porte de Versailles | Hall 6 28 - 29 janvier 2026 | Porte de Versailles | Hall 6,"Fabien BEN N’SIR, COO et co-fondateur"
https://www.learningtechnologiesfrance.com/learning-technologies-paris-2026-power-sessions/session-sponsoris%C3%A9e-par-reality-academy-1,Mixer les pédagogies grâce à la Réalité Virtuelle : former autrement à la diversité et aux RPS,"mercredi 28 janvier 2026 17:30 - 17:50 Théâtre 2 Former à la diversité et aux risques psychosociaux reste un défi pour les entreprises. Ces sujets sont sensibles, parfois abstraits, et souvent abordés de façon trop théorique. La réalité virtuelle permet de changer d’approche et de mixer efficacement les pédagogies. Avec la VR, les apprenants ne se contentent plus d’écouter : ils vivent des situations concrètes. Ils sont confrontés à des comportements, des tensions ou des signaux faibles qu’ils peuvent observer et analyser. Cette immersion agit comme un déclencheur de prise de conscience. La réalité virtuelle ne remplace pas les autres modalités de formation. Elle les complète, nourrit les échanges avec le formateur et donne du sens aux apports théoriques. En combinant immersion, réflexion et discussion, on forme autrement, de manière plus engageante et plus durable. Speakers Antoine BERNARD, CEO - Reality Academy Ajouter au calendrier Les sponsors de Learning Technologies France 2026 Loading Platinum 360Learning Platinum Apolearn Platinum Bealink Platinum Edflex Platinum Firstgroup Platinum Kwark Platinum Rise Up Platinum Septeo Education Platinum Teach Up Platinum Very Up Loading Gold Aptilink Gold Autrice Gold Baber Learning Gold Beedeez Gold Cegid Gold CEGOS Gold Cornerstone Gold CrossKnowledge Gold Didask Gold Distrisoft Gold Docebo Gold Dokeos Gold E-TIPI LEARNING Gold Edtake Gold Edunao Gold ETS TOEIC Gold iSpring Gold ISTF Gold Klara Gold Kokoroe Gold MOS - MindOnSite Gold MyConnecting Gold NIIT Gold Procertif Gold Speexx Gold TeachizyPlus Gold Training Orchestra Gold XOS Silver Arts et Métiers Silver ATTENSI Silver Busuu Silver EXPERQUIZ Silver Learnlight Silver Ludicius Interactive Silver Shortways Silver Synthesia Silver Techsmith Silver Tosa Rdv au salon dans : Inscription gratuite Paris Expo - Hall 6 1 Place de la Porte de Versailles, 75015 Paris, France 28 - 29 janvier 2026 de 9h00 à 18h00 Liens rapides Inscription visiteur Réserver un stand Contactez-nous Actualités Newsletter Co-localisé avec : Organisé par : © Copyright 2025",17:30,17:50,Théâtre 2,28 - 29 janvier 2026 | Porte de Versailles | Hall 6 28 - 29 janvier 2026 | Porte de Versailles | Hall 6,
https://www.learningtechnologiesfrance.com/learning-technologies-paris-2026-power-sessions/session-sponsoris%C3%A9e-par-arts-et-m%C3%A9tiers-1,Evolutive Learning Factories : réinventer la pédagogie pour l’industrie 4.0,"mercredi 28 janvier 2026 17:30 - 17:50 Théâtre 1 Les Evolutive Learning Factories (ELF) transforment nos campus en véritables usines-écoles connectées, intégrant jumeaux numériques, IA et technologies de l’industrie 4.0. Cette initiative vise à immerger les étudiants dans des environnements industriels réalistes pour développer des compétences pratiques en lien avec la transition digitale et écologique. Au-delà de la formation initiale, les ELF favorisent la recherche collaborative et la formation continue, tout en ouvrant leurs portes aux jeunes publics pour susciter des vocations. Cette session explore comment ces plateformes innovantes réinventent l’ingénierie pédagogique et préparent les talents à relever les défis de l’industrie du futur Speakers Sébastien Fernandez, Directeur du développement des Evolutive Learning Factories - ÉCOLE NATIONALE SUPERIEURE D’ARTS ET METIERS (ENSAM) Ajouter au calendrier Les sponsors de Learning Technologies France 2026 Loading Platinum 360Learning Platinum Apolearn Platinum Bealink Platinum Edflex Platinum Firstgroup Platinum Kwark Platinum Rise Up Platinum Septeo Education Platinum Teach Up Platinum Very Up Loading Gold Aptilink Gold Autrice Gold Baber Learning Gold Beedeez Gold Cegid Gold CEGOS Gold Cornerstone Gold CrossKnowledge Gold Didask Gold Distrisoft Gold Docebo Gold Dokeos Gold E-TIPI LEARNING Gold Edtake Gold Edunao Gold ETS TOEIC Gold iSpring Gold ISTF Gold Klara Gold Kokoroe Gold MOS - MindOnSite Gold MyConnecting Gold NIIT Gold Procertif Gold Speexx Gold TeachizyPlus Gold Training Orchestra Gold XOS Silver Arts et Métiers Silver ATTENSI Silver Busuu Silver EXPERQUIZ Silver Learnlight Silver Ludicius Interactive Silver Shortways Silver Synthesia Silver Techsmith Silver Tosa Rdv au salon dans : Inscription gratuite Paris Expo - Hall 6 1 Place de la Porte de Versailles, 75015 Paris, France 28 - 29 janvier 2026 de 9h00 à 18h00 Liens rapides Inscription visiteur Réserver un stand Contactez-nous Actualités Newsletter Co-localisé avec : Organisé par : © Copyright 2025",17:30,17:50,Théâtre 1,28 - 29 janvier 2026 | Porte de Versailles | Hall 6 28 - 29 janvier 2026 | Porte de Versailles | Hall 6,
https://www.learningtechnologiesfrance.com/learning-technologies-paris-2026-power-sessions/session-tbc-sponsoris%C3%A9e-par-blify,Agents IA & formation des managers : la recette d’Artelia pour 60 % d’engagement,"mercredi 28 janvier 2026 17:30 - 17:50 Théâtre 3 Former des managers surchargés est un défi que les LMS traditionnels ne relèvent plus. Artelia a pourtant brisé ce plafond de verre en atteignant un taux d'engagement record de 60 % par semaine auprès de ses équipes. Le secret ? Remplacer la formation « catalogue » par une expérience active pilotée par l’IA, directement dans le flux de travail. Lors de cet atelier, découvrez comment Blify utilise une infrastructure d'IA multi-agents pour transformer Microsoft Teams en un partenaire de formation du quotidien. Nous décrypterons la méthode Artelia : abandonner les parcours génériques pour offrir une formation contextualisée, où des agents intelligents poussent le bon contenu (micro-learning, jeu de rôle) au moment précis où le manager en a besoin. Repartez avec des clés concrètes pour passer d'une logique de gestion administrative de la formation à une logique de performance opérationnelle, où l'IA devient le coach quotidien de vos leaders. Speakers Marie-Astrid HUG, Directrice de la Formation - ARTELIA Tristan VIÉ, Co-Fondateur - BLIFY Ajouter au calendrier Les sponsors de Learning Technologies France 2026 Loading Platinum 360Learning Platinum Apolearn Platinum Bealink Platinum Edflex Platinum Firstgroup Platinum Kwark Platinum Rise Up Platinum Septeo Education Platinum Teach Up Platinum Very Up Loading Gold Aptilink Gold Autrice Gold Baber Learning Gold Beedeez Gold Cegid Gold CEGOS Gold Cornerstone Gold CrossKnowledge Gold Didask Gold Distrisoft Gold Docebo Gold Dokeos Gold E-TIPI LEARNING Gold Edtake Gold Edunao Gold ETS TOEIC Gold iSpring Gold ISTF Gold Klara Gold Kokoroe Gold MOS - MindOnSite Gold MyConnecting Gold NIIT Gold Procertif Gold Speexx Gold TeachizyPlus Gold Training Orchestra Gold XOS Silver Arts et Métiers Silver ATTENSI Silver Busuu Silver EXPERQUIZ Silver Learnlight Silver Ludicius Interactive Silver Shortways Silver Synthesia Silver Techsmith Silver Tosa Rdv au salon dans : Inscription gratuite Paris Expo - Hall 6 1 Place de la Porte de Versailles, 75015 Paris, France 28 - 29 janvier 2026 de 9h00 à 18h00 Liens rapides Inscription visiteur Réserver un stand Contactez-nous Actualités Newsletter Co-localisé avec : Organisé par : © Copyright 2025",17:30,17:50,Théâtre 3,28 - 29 janvier 2026 | Porte de Versailles | Hall 6 28 - 29 janvier 2026 | Porte de Versailles | Hall 6,"Marie-Astrid HUG, Directrice de la Formation | Tristan VIÉ, Co-Fondateur"
