kind,date,start_time,end_time,time_range,room,session_type,duration,title,description,speakers,speaker_jobs,speaker_orgs,url
conference,2026-01-28,09:30,09:55,09:30 – 09:55,Salle de conférences Paris,Keynote d’Ouverture,25 min,Remettons l’humain au centre,,Sally Ann MOORE,Directrice des Conferences,Learning Technologies France,https://www.learningtechnologiesfrance.com/learning-technologies-paris-2026-conference-agenda/remettons-lhumain-au-centre
conference,2026-01-28,10:00,10:25,10:00 – 10:25,Salle de conférences Paris,Keynote,25 min,L’observatoire de l’exploration L&D : les signaux forts et tendances 2026,"Les résultats exclusifs de l’Observatoire du learning décryptés : ce qui évolue vraiment dans les pratiques, les leviers qui décuplent l’impact des dispositifs, et les priorités stratégiques des équip ...",Nicolas BOURGERIE | Solange DERREY WEHBE,CEO et fondateur | Directrice Communication & Marketing,Very Up | Very Up,https://www.learningtechnologiesfrance.com/learning-technologies-paris-2026-conference-agenda/lobservatoire-de-lexploration-ld-les-signaux-forts-et-tendances-2026
conference,2026-01-28,10:00,10:25,10:00 – 10:25,Salle de conférences Las Vegas,Étude de cas,25 min,Présentiel en formation : un retour guidé par l’impact et le lien humain,"Alors que le digital s’est imposé dans les dispositifs de formation, certaines entreprises réinvestissent le présentiel pour renforcer l’impact pédagogique et le lien social. À travers une étude de ca ...",Antoine LORNE,Directeur Commercial,Training Orchestra,https://www.learningtechnologiesfrance.com/learning-technologies-paris-2026-conference-agenda/pr%C3%A9sentiel-en-formation-un-retour-guid%C3%A9-par-limpact-et-le-lien-humain
conference,2026-01-28,10:00,10:25,10:00 – 10:25,Salle de conférences Londres,Atelier,25 min,Repenser l’évaluation linguistique en entreprise grâce à l’approche formative avec TOEIC Link et L'IA,"Dans un contexte ou l’anglais est plus que jamais un prérequis indispensable dans la vie professionnelle, le nouveau test TOEIC Link propose une approche innovante basé sur l’IA. Le test TOEIC Link ac ...",Laurence CARLINET,Secrétaire Générale,ETS EMEA,https://www.learningtechnologiesfrance.com/learning-technologies-paris-2026-conference-agenda/repenser-l%C3%A9valuation-linguistique-en-entreprise-gr-ce-%C3%A0-lapproche-formative-avec-toeic-link-et-lia
conference,2026-01-28,10:00,10:25,10:00 – 10:25,Salle de conférences Berlin,Keynote,25 min,L’IA rend les gens bêtes ? L’importance de l’engagement actif,"L’IA peut réellement améliorer l’apprentissage… à condition d’être utilisée de la bonne manière. Ce qui compte, ce n’est pas la technologie en soi, mais la façon dont elle s’appuie sur les sciences co ...",Philip MOORE,Directeur Produit et co-fondateur,Didask,https://www.learningtechnologiesfrance.com/learning-technologies-paris-2026-conference-agenda/lia-rend-les-gens-b%C3%AAtes-limportance-de-lengagement-actif
conference,2026-01-28,10:30,10:55,10:30 – 10:55,Salle de conférences Paris,Table ronde,25 min,Dans les coulisses des stratégies qui transforment le learning,"Ils explorent, expérimentent et transforment leurs organisations par la formation. Découvrez comment les Directions L&D d’Allianz, Sysco, la Fédération Française de Football et CANAL+ réinventent leur ...",Claudine BRAILLEUR | Hélène MONTEIL | Romuald NGUYEN | Bérengère VUAILLAT,Responsable département learning | Responsable du développement RH et des compétences | Responsable des dossiers spéciaux | Learning & Development Manager,Allianz | Sysco France | Fédération Française de Football | CANAL+,https://www.learningtechnologiesfrance.com/learning-technologies-paris-2026-conference-agenda/dans-les-coulisses-des-strat%C3%A9gies-qui-transforment-le-learning
conference,2026-01-28,10:30,10:55,10:30 – 10:55,Salle de conférences Berlin,Table ronde,25 min,Learning Fatigue : 3 stratégies gagnantes pour réengager,"La multiplication des contenus, l’IA générative qui accélère tout, la surcharge cognitive et l’infobésité pédagogique créent une learning fatigue massive. Comment restaurer l’engagement dans un enviro ...",Caroline COMTE | Julie THINÈS | Béatrice GHERARA | Romina CAVALLUCCI,Directrice de l’Académie | Global Education Director | CoFounder & Chief Learning Officer | Directrice Formation et Development Groupe,France Travail | Thales | Kokoroe | Carrefour,https://www.learningtechnologiesfrance.com/learning-technologies-paris-2026-conference-agenda/learning-fatigue-5-strat%C3%A9gies-pour-r%C3%A9enchanter-la-formation-en-entreprise
conference,2026-01-28,10:30,10:55,10:30 – 10:55,Salle de conférences Las Vegas,Étude de cas,25 min,Le ROI de l’IA chez Assystem : preuves concrètes par les chiffres et les projets,"L’intelligence artificielle n’est plus une promesse futuriste : elle génère déjà de la valeur tangible pour les entreprises, et Assystem en est la preuve.Dans cette conférence, découvrez comment le C ...",Alexandre LECT | Lionel CHAUSSADE,Co-founder et CEO | Group Head of Learning & Development,edtake | Assystem,https://www.learningtechnologiesfrance.com/learning-technologies-paris-2026-conference-agenda/le-roi-de-lia-chez-assystem-preuves-concr%C3%A8tes-par-les-chiffres-et-les-projets
conference,2026-01-28,10:30,10:55,10:30 – 10:55,Salle de conférences Londres,Étude de cas,25 min,Étude de cas d'une grande entreprise avec Speexx,,,,,https://www.learningtechnologiesfrance.com/learning-technologies-paris-2026-conference-agenda/%C3%A9tude-de-cas-dune-grande-entreprise-avec-speexx
conference,2026-01-28,11:30,11:55,11:30 – 11:55,Salle de conférences Berlin,Keynote,25 min,Learning Success Management : l’art de piloter l’expérience Apprenant,"Et si le Learning Success Management était le maillon manquant à vos projets formation ? Trop de dispositifs ambitieux peinent à produire l’impact attendu, faute d’une mesure réelle et d’actions pensé ...",Mathilde ISTIN,Directrice,ISTF,https://www.learningtechnologiesfrance.com/learning-technologies-paris-2026-conference-agenda/learning-success-management-lart-de-piloter-lexp%C3%A9rience-apprenant
conference,2026-01-28,11:30,11:55,11:30 – 11:55,Salle de conférences Paris,Étude de cas,25 min,Empowerment & ROI : comment E.Leclerc transforme la formation en elearning en levier de performance,"Comment former sans imposer ? Dans un modèle coopératif comme celui de l'enseigne E.Leclerc, où chaque magasin est indépendant, et la plupart des métiers opérationnels, engager les équipes sur la e-fo ...",Annabelle AMBLARD | Frédéric HEBERT,Directrice L&D | Chief Learning Officer,E.Leclerc | Rise Up,https://www.learningtechnologiesfrance.com/learning-technologies-paris-2026-conference-agenda/empowerment-roi-comment-eleclerc-transforme-la-formation-en-elearning-en-levier-de-performance
conference,2026-01-28,11:30,11:55,11:30 – 11:55,Salle de conférences Londres,Étude de cas,25 min,Fini l’e-learning passif : place aux IA pédagogiques pour pratiquer et progresser !,"Dans les organisations, la performance ne repose pas uniquement sur ce que l’on sait… mais aussi sur ce que l’on est capable de faire, dans des situations réelles, sous contrainte et avec précision.No ...",Florence ANDRÉ | Nicolas BOURGERIE,Directrice du Développement | CEO,Teach Up | Teach Up,https://www.learningtechnologiesfrance.com/learning-technologies-paris-2026-conference-agenda/digitaliser-la-mise-en-pratique-pour-faciliter-la-transformation-%C3%A0-grande-%C3%A9chelle-des-organisations
conference,2026-01-28,11:30,11:55,11:30 – 11:55,Salle de conférences Las Vegas,Étude de cas,25 min,De bout en bout : découvrez comment l’IA change vraiment le parcours de formation des équipes terrain,"L’IA change déjà la façon dont les équipes terrain apprennent, montent en compétences et utilisent les bons savoirs au moment où ils en ont besoin. Derrière la technologie, ce sont surtout les pratiqu ...",Julien HUELVAN,Co-fondateur & CEO,BEEDEEZ,https://www.learningtechnologiesfrance.com/learning-technologies-paris-2026-conference-agenda/beedeez-%C3%A9tude-de-cas-formation-terrain-de-lavenir
conference,2026-01-28,12:00,12:25,12:00 – 12:25,Salle de conférences Berlin,Étude de cas,25 min,Et si la clé de l’engagement…c’était d’en faire moins ? Témoignage du groupe Bouygues Telecom,"Dans cette session rythmée et sans PowerPoint soporifique, découvrez comment Bouygues Telecom mobilise ses collaborateurs autour de la formation.Clément Meslin (CEO, Edflex) et Julie Droz (Bouygues Te ...",Julie DROZ | Clément MESLIN,Responsable Formation | CEO et Co-Fondateur,Bouygues Telecom | Edflex,https://www.learningtechnologiesfrance.com/learning-technologies-paris-2026-conference-agenda/pourquoi-vos-apprenants-ne-veulent-pas-se-former-
conference,2026-01-28,12:00,12:25,12:00 – 12:25,Salle de conférences Londres,Keynote,25 min,Impacts de l’Intelligence Artificielle en formation - Conférence de restitution de l’étude annuelle IA et la Formation,"Pour la deuxième année consécutive ILDI, en partenariat avec LTF et Gutenberg Technologies, présente en avant-première les résultats de son étude sur l’impact de l’Intelligence Artificielle sur la For ...",Philippe GIL | Philippe LACROIX,Directeur Associé et Co-fondateur | Directeur Associé et Co-fondateur,ILDI | ILDI,https://www.learningtechnologiesfrance.com/learning-technologies-paris-2026-conference-agenda/impacts-de-lintelligence-artificielle-en-formation-conf%C3%A9rence-de-restitution-de-l%C3%A9tude-annuelle-ia-et-la-formatio
conference,2026-01-28,12:00,12:25,12:00 – 12:25,Salle de conférences Paris,Étude de cas,25 min,Harmoniser sans uniformiser : comment Arkema rend le savoir accessible aux 4 coins du globe ?,"Garantir un même standard de compétences pour chaque collaborateur, tout en respectant la diversité culturelle et métier : telle est la mission que s’est fixée Arkema. Ce groupe industriel implanté da ...",Solange CAMARADA | Claire PHILIPPE | Amélie FIDRIC,"Digital Learning Manager | Client Success Partner | Partnerships & Product Adoption Lead, Learning & Talent",Arkema | 360Learning | SAP SuccessFactors,https://www.learningtechnologiesfrance.com/learning-technologies-paris-2026-conference-agenda/harmoniser-sans-uniformiser-comment-arkema-rend-le-savoir-accessible-aux-4-coins-du-globe-
conference,2026-01-28,12:00,12:25,12:00 – 12:25,Salle de conférences Las Vegas,Étude de cas,25 min,"Multimodalité : le buzzword qui marche (vraiment), retour d'expérience de L'EFAB","On vous a promis que mixer les formats allait tout changer. Spoiler : c'est vrai, mais pas n'importe comment. L'EFAB et Kwark décryptent leur dispositif combinant VR, vidéo, podcast et présentiel. Ce ...",Florian LARBALESTIER | Victor GERVASONI,Directeur du pôle Ingénierie pédagogique | Directeur Général,Kwark | Efab,https://www.learningtechnologiesfrance.com/learning-technologies-paris-2026-conference-agenda/multimodalit%C3%A9-le-buzzword-qui-marche-vraiment
conference,2026-01-28,12:30,13:00,12:30 – 13:00,Salle de conférences Berlin,Keynote,30 min,"Engagement apprenant : l’expérience ne se décrète pas, elle se design","Avez-vous déjà conçu un super dispositif de formation, … sans que personne ne s’engage vraiment ? Contenus riches, formats variés, LMS dernier cri, et pourtant : peu d’adhésion, peu d’impact. Pourquoi ...",Anne-Marie CUINIER,Consultante / Formatrice Digital Learning & Marketing de la Formation et créatrice du podcast Learn & Enjoy,,https://www.learningtechnologiesfrance.com/learning-technologies-paris-2026-conference-agenda/engagement-apprenant-lexp%C3%A9rience-ne-se-d%C3%A9cr%C3%A8te-pas-elle-se-design
conference,2026-01-28,12:30,13:00,12:30 – 13:00,Salle de conférences Londres,Table ronde,30 min,"En avant-première : Passez à la vitesse IA : vie pro, vie perso et études (éd. Dunod)","À l’occasion de la sortie de son livre Passer à la vitesse IA, Yann Ruello présentera l’approche de Big Bang AI, la communauté qui transforme l’IA complexe en solutions simples et pratiques pour chacu ...",Maëlle BERTRAND | Patrick CHATAIGNIER | Yann RUELLO,"Marketing Executive, Rippletide | Directeur de l’Innovation, Orange | Co-fondateur, Big Bang AI","Co-fondatrice, Big Bang AI | Co fondateur, Big Bang AI | Directeur Marketing IA, Orange",https://www.learningtechnologiesfrance.com/learning-technologies-paris-2026-conference-agenda/en-avant-premi%C3%A8re-passez-%C3%A0-la-vitesse-ia-vie-pro-vie-perso-et-%C3%A9tudes-%C3%A9d-dunod
conference,2026-01-28,12:30,13:00,12:30 – 13:00,Salle de conférences Paris,,30 min,"Du ""Push"" au ""Pull"" - Ancrer une Culture d'Apprentissage chez Rexel","Le lancement du Rexel Learning Hub fut un succès d'implémentation. Mais comment transformer un ""pic d'adoption"" en un réflexe d'apprentissage quotidien dans un groupe global et décentralisé ? Geoffrey ...",Geoffrey ECARNOT,Group Learning & HR Development Officer,Rexel,https://www.learningtechnologiesfrance.com/learning-technologies-paris-2026-conference-agenda/du-push-au-pull-ancrer-une-culture-dapprentissage-chez-rexel
conference,2026-01-28,12:30,13:00,12:30 – 13:00,Salle de conférences Las Vegas,Étude de cas,30 min,"Piloter et réussir son plan de formation à l’Intelligence Artificielle : vision, méthodologie et retours d’expérience d’un leader du secteur","Former à l’intelligence artificielle n’est plus une option, mais un levier stratégique pour développer les compétences et accompagner la transformation des métiers. À travers cette conférence, Martin ...",Martin PAVANELLO,Président,Mister IA,https://www.learningtechnologiesfrance.com/learning-technologies-paris-2026-conference-agenda/piloter-et-r%C3%A9ussir-son-plan-de-formation-%C3%A0-lintelligence-artificielle-vision-m%C3%A9thodologie-et-retours-dexp%C3%A9rience-dun-leader-du-secteur
conference,2026-01-28,14:00,14:25,14:00 – 14:25,Salle de conférences Berlin,Étude de cas,25 min,"À l’ère de l’IA, le SMS Learning chez THALES Group : moteur d’engagement communautaire et d’ancrage","Comment une modalité simple (mais pas simpliste) comme le SMS enrichi peut-elle devenir un levier d’apprentissage collectif ?Michèle Velves, Directrice de l’Académie Industrie de THALES Group, partage ...",Michèle VELVES | Fleur-Ève LE FOLL,Directrice de l’Académie Industrie | Dirigeante Fondatrice,Thales Group | Anemon SMS Learning,https://www.learningtechnologiesfrance.com/learning-technologies-paris-2026-conference-agenda/%C3%A0-l%C3%A8re-de-lia-le-sms-learning-chez-thales-group-moteur-dengagement-communautaire-et-dancrage
conference,2026-01-28,14:00,14:25,14:00 – 14:25,Salle de conférences Londres,Keynote (English),25 min,Adapting to Disruption: Rethinking Learning Tech in the Age of AI,"The learning technology landscape is evolving fast, and AI is just the latest wave of disruption. But navigating this change isn’t just about tracking tools—it’s about shifting how we think. In this i ...",David KELLY,"Learning & Technology Analyst, Keynote Speaker",Industry Researcher,https://www.learningtechnologiesfrance.com/learning-technologies-paris-2026-conference-agenda/adapting-to-disruption-rethinking-learning-tech-in-the-age-of-ai
conference,2026-01-28,14:00,14:25,14:00 – 14:25,Salle de conférences Paris,Étude de cas,25 min,Comment VINCI Construction assure l’adoption de son SIRH dans un contexte décentralisé ?,"Découvrez comment VINCI Construction a réussi à simplifier le déploiement d’Oracle HCM Cloud en sécurisant l’adoption de ses processus RH grâce à une approche innovante de formation embarquée, directe ...",Toan NGUYEN | Alexandra PANSIER | Laetitia GINTRAC,CEO et fondateur | Responsable SIRH – Domaine Formation | Administratrice TMS,Shortways | VINCI Construction | VINCI Construction,https://www.learningtechnologiesfrance.com/learning-technologies-paris-2026-conference-agenda/comment-vinci-construction-assure-ladoption-de-son-sirh-dans-un-contexte-d%C3%A9centralis%C3%A9-
conference,2026-01-28,14:00,14:25,14:00 – 14:25,Salle de conférences Las Vegas,Étude de cas,25 min,Réalité virtuelle : Levier de transformation digitale et d'apprentissage au sein du département L&D de SNCB Technics,"La VR fait partie des outils utilisés par le département L&D Technics pour implémenter un changement de stratégie et s’orienter vers une culture d’apprentissage plus innovante. Dans ce cadre, nous pré ...",Amélie DETOLLENAERE | Filip DHEERE,Senior Manager Learning & Development | Manager Learning & Development,SNCB – département Technics | SNCB – département Technics,https://www.learningtechnologiesfrance.com/learning-technologies-paris-2026-conference-agenda/r%C3%A9alit%C3%A9-virtuelle-levier-de-transformation-digitale-et-dapprentissage-au-sein-du-d%C3%A9partement-ld-de-sncb-technics
conference,2026-01-28,14:30,14:55,14:30 – 14:55,Salle de conférences Berlin,Atelier,25 min,"Robots, IA, comment booster l’efficacité de vos formations ? Avec exemples concrets","Cette conférence propose une exploration des apports conjoints de la robotique, de l’intelligence artificielle et des environnements augmentés dans les dispositifs de formation. En incarnant les proce ...",Marie Pierre DUBOST,Présidente,E-Charlemagne,https://www.learningtechnologiesfrance.com/learning-technologies-paris-2026-conference-agenda/robots-ia-comment-booster-lefficacit%C3%A9-de-vos-formations-
conference,2026-01-28,14:30,14:55,14:30 – 14:55,Salle de conférences Londres,Keynote (English),25 min,Beyond Trust and Control A New Intelligence For Learning,"As complexity outpaces our capacity to govern it, traditional tools like control and trust begin to fail. This keynote explores why 20th-century system design — based on predictability, authority, and ...",Achim LELLE,AI Strategist & Transformation Advisor,"Lakeside Analytics LTD, London",https://www.learningtechnologiesfrance.com/learning-technologies-paris-2026-conference-agenda/beyond-trust-and-control-a-new-intelligence-for-learning
conference,2026-01-28,14:30,14:55,14:30 – 14:55,Salle de conférences Paris,Étude de cas,25 min,Académie France Travail : le défi d’ouvrir et transformer la formation en 3 mois !,"Découvrez comment France Travail a déployé en un temps record son Académie, une plateforme digitale au service de tout le réseau pour l’emploi. Lors de cette conférence, Virginie Augereau et Laurence ...",David FAICT | Laurence BONZI | Virginie AUGEREAU,Head of Sales | Responsable Expérience utilisateurs et innovations technologiques | Directrice Adjointe Transformation Digitale et Données RH,Bealink | France Travail | France Travail,https://www.learningtechnologiesfrance.com/learning-technologies-paris-2026-conference-agenda/acad%C3%A9mie-france-travail-le-d%C3%A9fi-douvrir-et-transformer-la-formation-en-3-mois-
conference,2026-01-28,14:30,14:55,14:30 – 14:55,Salle de conférences Las Vegas,Étude de cas,25 min,"Gamification, serious game, pédagogie active : qu'est-il possible de faire par soi-même ?","Avec une proposition en 4 niveaux croissants de pédagogie active, Laurent reviendra sur ce qu'il est possible d'attendre d'un digital learning manager en 2026, sur les compétences à développer pour pr ...",Laurent AUNEAU,Président Fondateur,Ludicius,https://www.learningtechnologiesfrance.com/learning-technologies-paris-2026-conference-agenda/gamification-serious-game-pedagogie-active-quest-il-possible-de-faire-par-soi-m%C3%AAme-
conference,2026-01-28,15:00,15:25,15:00 – 15:25,Salle de conférences Las Vegas,Keynote,25 min,"Former à l’IA aujourd’hui, c’est devoir re-former demain.","Chaque semaine, l’IA se réinvente et avec elle, les usages, les technologies apparaissent et disparaissent. Peut-on encore “former” à quelque chose qui évolue en temps réel ? Cette conférence explore ...",Jérôme BOSIO,Directeur Général,XOS,https://www.learningtechnologiesfrance.com/learning-technologies-paris-2026-conference-agenda/former-%C3%A0-lia-aujourdhui-cest-devoir-re-former-demain
conference,2026-01-28,15:00,15:25,15:00 – 15:25,Salle de conférences Londres,Case study (English),25 min,"Empowering People, Accelerating Change: Learning for the Digital Era at UCB Biopharmaceuticals",Digital transformation demands more than technology & tools — it requires empowered and confident people. Discover how UCB is enabling individuals to become catalysts of transformation. Through AI Lit ...,Morad CHERRADI | Cedric BORZEE,"Head of Digital & Innovation Skills | Director, Consulting & Advisory Services",UCB | NIIT,https://www.learningtechnologiesfrance.com/learning-technologies-paris-2026-conference-agenda/empowering-people-accelerating-change-learning-for-the-digital-era-at-ucb-biopharmaceuticals
conference,2026-01-28,15:00,15:25,15:00 – 15:25,Salle de conférences Paris,Table ronde,25 min,Construire un Learning Landscape engageant : les plateformes LMS / TMS comme leviers de transformation,"À travers ce regard croisé, quatre expert(e)s partagent leur démarche pour construire une expérience learning porteuse de sens et d’impact, en parfaite résonnance avec les besoins de leur audience. De ...",Maxime COGNACQ | Florent TEMBOURY | Hélène CLÉMENT | Cécile PARRY,Global Digital Learning Manager | Global Digital Learning Manager | Directrice Bpifrance Université | Innovative and Digital Learning Manager & Expert,Louis Vuitton | Groupe Eiffage | Bpifrance | KEDGE Business School,https://www.learningtechnologiesfrance.com/learning-technologies-paris-2026-conference-agenda/construire-un-learning-landscape-au-service-de-lengagement-regards-crois%C3%A9s-et-leviers-de-transformation
conference,2026-01-28,15:00,15:25,15:00 – 15:25,Salle de conférences Berlin,Étude de cas,25 min,L'IA Articulate 360 : créez et localisez vos modules e-learning en minutes - deux cas d'usage,"Produire un module e-learning de qualité demande du temps, et le localiser encore plus. Dans cette conférence, nous explorerons ce qui distingue réellement Articulate 360 AI des autres solutions : Une ...",Allison LAMOTTE,"Rédactrice en chef, Messaging Design",Articulate,https://www.learningtechnologiesfrance.com/learning-technologies-paris-2026-conference-agenda/lia-articulate-360-cr%C3%A9ez-et-localisez-vos-modules-e-learning-en-minutes-deux-cas-dusage
conference,2026-01-28,16:00,16:25,16:00 – 16:25,Salle de conférences Londres,Keynote (English),25 min,Global Sentiment Survey 2026: What future does L&D have in an AI world?,"AI hype has finally peaked – now things get real, and they may get nasty, too. In this session, Donald H Taylor will draw on his recent research to consider the future of L&D in a world reshaped by Ar ...",Donald H TAYLOR,Chair,Learning Technologies London,https://www.learningtechnologiesfrance.com/learning-technologies-paris-2026-conference-agenda/global-sentiment-survey-2026-what-future-does-ld-have-in-an-ai-world-1
conference,2026-01-28,16:00,16:25,16:00 – 16:25,Salle de conférences Paris,Étude de cas,25 min,Carrefour : déployer l’adoption de l’IA générative à l’échelle du Groupe,"Comment un groupe mondial comme Carrefour réussit-il à embarquer ses équipes autour de l’adoption de l’IA générative ? Lors de cette conférence, Romina Cavallucci, Directrice Formation et Development ...",Damien MICHEL | Romina CAVALLUCCI,Directeur du Développement | Directrice Formation et Development Groupe,MyConnecting | Carrefour,https://www.learningtechnologiesfrance.com/learning-technologies-paris-2026-conference-agenda/carrefour-d%C3%A9ployer-ladoption-de-lia-g%C3%A9n%C3%A9rative-%C3%A0-l%C3%A9chelle-du-groupe
conference,2026-01-28,16:00,16:25,16:00 – 16:25,Salle de conférences Las Vegas,Étude de cas,25 min,Découvrez comment nos clients transforment leurs formations présentielles en micro-learning avec L'IA,Découvrez comment nos clients centre de formations ajoute une dimension numérique à leur formation présentielle à travers la présentation de projets concrets en blended learning ou en 100% e-learning. ...,Antoine NGO,CEO,Sinfony,https://www.learningtechnologiesfrance.com/learning-technologies-paris-2026-conference-agenda/d%C3%A9couvrez-comment-nos-clients-transforment-leurs-formations-pr%C3%A9sentielles-en-micro-learning-avec-lia
conference,2026-01-28,16:00,16:25,16:00 – 16:25,Salle de conférences Berlin,,25 min,L'IA et création de contenu eLearning : levier pour un véritable ROI pour les entreprises,,,,,https://www.learningtechnologiesfrance.com/learning-technologies-paris-2026-conference-agenda/lia-et-cr%C3%A9ation-de-contenu-elearning-levier-pour-un-v%C3%A9ritable-roi-pour-les-entreprises
conference,2026-01-28,16:30,16:55,16:30 – 16:55,Salle de conférences Londres,Keynote (English),25 min,How to Use AI and New Technologies to Truly Improve Performance,"As AI continues to advance and new software products and technologies are released regularly, it’s critical for L&D departments to determine what technology to use and how to make the best use of it t ...",David GURALNICK,President and CEO,Kaleidoscope Learning,https://www.learningtechnologiesfrance.com/learning-technologies-paris-2026-conference-agenda/how-to-use-ai-and-new-technologies-to-truly-improve-performance
conference,2026-01-28,16:30,16:55,16:30 – 16:55,Salle de conférences Paris,Keynote,25 min,Prendre des décisions impactantes dans l'incertitude,"Dans cette keynote participative, nous verrons l’impact des décisions de votre organisation, en particulier dans un contexte d’incertitude : comment transformer l’incertitude en opportunité de gagner ...",Lorraine MARGHERITA,Collective dynamics Practice lead,Awair,https://www.learningtechnologiesfrance.com/learning-technologies-paris-2026-conference-agenda/prendre-des-d%C3%A9cisions-impactantes-dans-lincertitude
conference,2026-01-28,16:30,16:55,16:30 – 16:55,Salle de conférences Las Vegas,Atelier,25 min,Doper sa Learning Experience avec l’IA,Découvrez quelques techniques et outils surprenants pour développer l'expérience en formation professionnelle.,Romain RISSOAN,Gérant de Optédif formation – Consultant formateur expert en IA,Optédif formation,https://www.learningtechnologiesfrance.com/learning-technologies-paris-2026-conference-agenda/doper-sa-learning-experience-avec-lia
conference,2026-01-28,16:30,16:55,16:30 – 16:55,Salle de conférences Berlin,Étude de cas,25 min,L'IA éthique au cœur des formations : témoignage de l'Agence de la biomédecine et découverte des agents IA responsables,"Comment déployer l'intelligence artificielle dans la formation tout en respectant valeurs éthiques, sécurité et conformité ? Cette conférence apporte des réponses concrètes à travers deux regards comp ...",Brice GAILLARD | Marie-Charlotte LAIGO-PAÏTARD,Cofondateur et Directeur Général | Chargée de projet formation,Apolearn | Agence de la biomédecine,https://www.learningtechnologiesfrance.com/learning-technologies-paris-2026-conference-agenda/lia-%C3%A9thique-au-c%C5%93ur-des-formations-t%C3%A9moignage-de-lagence-de-la-biom%C3%A9decine-et-d%C3%A9couverte-des-agents-ia-responsables
conference,2026-01-28,17:00,17:25,17:00 – 17:25,Salle de conférences Paris,Keynote,25 min,Orchestrez la transformation organisationnelle people+AI,"La transformation organisationnelle people+AI marque une rupture historique : les organisations ne fonctionnent plus comme des structures hiérarchiques, mais comme des ensembles dynamiques où humains ...",Andrei VILLARROEL,Fondateur innoverse.ai,Professeur EPFL et MIT Sloan,https://www.learningtechnologiesfrance.com/learning-technologies-paris-2026-conference-agenda/orchestrez-la-transformation-organisationnelle-peopleai
conference,2026-01-28,17:00,17:25,17:00 – 17:25,Salle de conférences Las Vegas,Keynote,25 min,Laisser tomber la Gen Z pour ne pas la louper - du bon usage de 40 neuro expériences pour les captiver et mieux transmettre,"Et si enseigner, c’était avant tout comprendre comment le cerveau apprend ? Cette conférence immersive propose aux formateurs de vivre des neuro-expériences pour ressentir, plutôt que simplement compr ...",Stéphane GINOCCHIO,Enseignant Permanent en neurosciences appliquées,College de Paris,https://www.learningtechnologiesfrance.com/learning-technologies-paris-2026-conference-agenda/laisser-tomber-la-gen-z-pour-ne-pas-la-louper-du-bon-usage-de-40-neuro-exp%C3%A9riences-pour-les-captiver-et-mieux-transmettre
conference,2026-01-28,17:00,17:25,17:00 – 17:25,Salle de conférences Londres,Workshop (English),25 min,"No MAD’s Land - Smash the Bricks, Find Your Spark","“If we keep doing what we always did, we’ll get what we always got. That’s MADness.” A story for the ones who feel the system no longer fits. You wake up. You rush. You log in.You sit in a meeting abo ...",Guy OOMS,Founder,Sigmund,https://www.learningtechnologiesfrance.com/learning-technologies-paris-2026-conference-agenda/no-mads-land-smash-the-bricks-find-your-spark
conference,2026-01-28,17:00,17:25,17:00 – 17:25,Salle de conférences Berlin,Keynote,25 min,Comprendre et appliquer l’IA pour un organisme de formation,"L’intelligence artificielle est sur toutes les lèvres, mais où en sommes-nous réellement dans son adoption et son impact sur le secteur de la formation ? Lors de cette conférence, nos experts partager ...",Hadrien KULIK | Benoit FAVARD,Directeur et fondateur de Dendreo | Directeur marketing,Septeo | Septeo Education,https://www.learningtechnologiesfrance.com/learning-technologies-paris-2026-conference-agenda/comprendre-et-appliquer-lia-dans-la-cr%C3%A9ation-de-ressources-des-organismes-de-formation
conference,2026-01-28,17:30,17:55,17:30 – 17:55,Salle de conférences Berlin,Keynote,25 min,Les effets positifs et les risques cognitifs liés à l’usage massif de l’IA,"IA, réseaux sociaux… Nos cerveaux s’accoutument aux contenus éclairs et aux réponses instantanées : attention qui s’effrite, réflexes automatiques… et si l’IA devenait au contraire un amplificateur de ...",Lucie DHORNE,"Autrice, conférencière, formatrice & consultante",Creativ’ip,https://www.learningtechnologiesfrance.com/learning-technologies-paris-2026-conference-agenda/les-effets-positifs-et-les-risques-cognitifs-li%C3%A9s-%C3%A0-lusage-massif-de-lia
conference,2026-01-28,17:30,17:55,17:30 – 17:55,Salle de conférences Londres,Round table (English),25 min,Future of work and learning,,Achim LELLE | David KELLY | Donald H TAYLOR | Guy OOMS,"AI Strategist & Transformation Advisor | Learning & Technology Analyst, Keynote Speaker | Chair | Founder","Lakeside Analytics LTD, London | Industry Researcher | Learning Technologies London | Sigmund",https://www.learningtechnologiesfrance.com/learning-technologies-paris-2026-conference-agenda/future-of-work-and-learning
conference,2026-01-28,17:30,17:55,17:30 – 17:55,Salle de conférences Paris,Table ronde,25 min,Questions essentielles pour Artificial Intelligence Action Summit Basel 2026,,Salime NASSUR | Nick HERNANDEZ,CEO | Président et Fondateur,Maars | 360Learning,https://www.learningtechnologiesfrance.com/learning-technologies-paris-2026-conference-agenda/questions-essentielles-pour-artificial-intelligence-action-summit-basel-2026
conference,2026-01-29,09:30,09:55,09:30 – 09:55,Salle de conférences Berlin,Keynote,25 min,L’avenir de L’intelligence Humaine,"Et si l’Intelligence Humaine, bien plus que l’Intelligence Artificielle, était le véritable enjeu de ce 21ème siècle ? À l’aube d’une transition sociétale majeure, cette conférence nous permet de mie ...",Delphine LE SERRE,Présidente,Fondation Canadienne EdHu2050,https://www.learningtechnologiesfrance.com/learning-technologies-paris-2026-conference-agenda/lavenir-de-lintelligence-humaine
conference,2026-01-29,09:30,09:55,09:30 – 09:55,Salle de conférences Londres,Keynote,25 min,"Et si l’IA révélait notre intelligence humaine ? Comprendre, trans-former, ne pas subir","Ce n’est plus une option. L’IA transforme déjà nos métiers, nos rôles, nos décisions. Rapidement. Brutalement. Mais si la vraie question n’était pas ""comment intégrer l’IA ?""… mais ""comment ne pas dev ...",Salime NASSUR,CEO,Maars,https://www.learningtechnologiesfrance.com/learning-technologies-paris-2026-conference-agenda/et-si-lia-r%C3%A9v%C3%A9lait-notre-intelligence-humaine-comprendre-trans-former-ne-pas-subir
conference,2026-01-29,09:30,09:55,09:30 – 09:55,Salle de conférences Paris,Keynote,25 min,Ce que la Silicon Valley sait déjà sur l’avenir de la formation que l’Europe doit comprendre,La Silicon Valley ne se contente plus d’innover technologiquement : elle redéfinit la manière dont les individus apprennent et se développent professionnellement. À travers l’exemple de Stanford Unive ...,Hoss ZAOUALI,CEO ConnectED-Labs,Conférencier à l’Université Stanford,https://www.learningtechnologiesfrance.com/learning-technologies-paris-2026-conference-agenda/ce-que-la-silicon-valley-sait-d%C3%A9j%C3%A0-sur-lavenir-de-la-formation-que-leurope-doit-comprendre
conference,2026-01-29,09:30,09:55,09:30 – 09:55,Salle de conférences Las Vegas,Table ronde,25 min,Ils ont réussi à lever en 2025,"Dans un contexte délicat pour l’ensemble des entreprises du numérique, certaines d’entre elles ont réussi de magnifique levées de fonds durant l’année 2025. En donnant la parole à celles et ceux qui l ...",Philippe RIVERON | Joachim LEBOVITS | Adeline PAUTRIZEL,Co-Founder & Chairman | CEO | Directrice de la Relation Clients,Edflex | PyxiScience | Didask,https://www.learningtechnologiesfrance.com/learning-technologies-paris-2026-conference-agenda/ils-ont-r%C3%A9ussi-%C3%A0-lever-en-2025
conference,2026-01-29,10:00,10:25,10:00 – 10:25,Salle de conférences Londres,Étude de cas,25 min,"IA, souveraineté, inclusion... les priorités changent : comment répondre aux usages sans se perdre dans la complexité technologique ?","Tour d’horizon très opérationnel des nouveaux enjeux qui bousculent les stratégies numériques : IA générative, souveraineté des données, inclusion des publics. À partir de cas concrets, nous verrons c ...",Nicolas CHALONS | Charles AIVAR | Anne-Laure DE CANDIDO | Anne BRUMEAUX,CEO | Directeur Adjoint | COO | EVP (Executive Vice President) Innovation & Solutions.,Autrice | TP Demain | Autrice | CXG,https://www.learningtechnologiesfrance.com/learning-technologies-paris-2026-conference-agenda/du-chantier-au-digital-comment-tp-demain-r%C3%A9volutionne-la-formation-aux-travaux-publics-avec-autrice
conference,2026-01-29,10:00,10:25,10:00 – 10:25,Salle de conférences Las Vegas,Table ronde,25 min,Investir dans la EdTech : une prise de risque pour un impact à long terme ?,"Dans la formation et l’éducation, les résultats ne se dévoilent pas (toujours) à court terme. Pourtant, la question de l’impact — social, pédagogique ou économique — devient centrale pour les investis ...",François BLOUVAC | Victor WACRENIER | Marie FERRI,"Responsable du pôle ESS, éducation, formation professionnelle et inclusion numérique | Managing Director (MD) | Investisseur",Banque des Territoires | Shamrock Capital Partners | Daphni,https://www.learningtechnologiesfrance.com/learning-technologies-paris-2026-conference-agenda/investir-dans-la-edtech-une-prise-de-risque-pour-un-impact-%C3%A0-long-terme-
conference,2026-01-29,10:00,10:25,10:00 – 10:25,Salle de conférences Berlin,Étude de cas,25 min,Dompter le Dragon de l’IA – Récit du projet “AI Buddy” pour un Agent L&D Responsable et Global au service des compétences,"Comment concevoir une IA qui développe les compétences sans trahir l’humain ? À travers le récit du projet AI Buddy, Cegos partage les coulisses d’un voyage d’innovation responsable : de l’expérimenta ...",Patricia SANTOS | Isabelle DROUET DE LA THIBAUDERIE,Directrice Solutions & Partenariats Groupe | Manager d’offre et d’expertise RH,Cegos | Cegos,https://www.learningtechnologiesfrance.com/learning-technologies-paris-2026-conference-agenda/apprendre-%C3%A9voluer-se-d%C3%A9passer-le-pari-coaching-du-ai-buddy
conference,2026-01-29,10:00,10:25,10:00 – 10:25,Salle de conférences Paris,Étude de cas,25 min,Animer des communautés d’experts à l’international : le pari réussi d’Inetum,"Former, engager et développer les compétences de plus de 25 000 collaborateurs dans un contexte international, c’est un défi stratégique. Pour le relever, Inetum s'appuie sur la puissance des communau ...",Emilie DUGROSPREZ | Ambre BARAKAT | Mathieu SABADIE,Head of Learning | Group Learning Specialist | Key Account Manager,Inetum | Inetum | 360Learning,https://www.learningtechnologiesfrance.com/learning-technologies-paris-2026-conference-agenda/animer-des-communaut%C3%A9s-dexperts-%C3%A0-linternational-le-pari-r%C3%A9ussi-dinetum
conference,2026-01-29,10:30,10:55,10:30 – 10:55,Salle de conférences Paris,Étude de cas,25 min,Comment transformer une plateforme LMS en véritable lieu de vie et d’engagement ? Témoignage de l’UNICEF France,"Comment transformer une plateforme de formation en véritable lieu de vie, où chaque public trouve des contenus clairs, utiles et engageants ? De nombreuses organisations font face à des défis similair ...",Raphaël BLASSEL DAMMAN | Lucas MULLIEZ,Chargé de formation et de sensibilisation | Learning Consultant & Account Executive,Unicef France | Rise Up,https://www.learningtechnologiesfrance.com/learning-technologies-paris-2026-conference-agenda/nom-dintervenant-tba
conference,2026-01-29,10:30,10:55,10:30 – 10:55,Salle de conférences Berlin,Table ronde,25 min,Du geste à la performance : la puissance du savoir-faire opérationnel,"Comment passer d’une approche déclarative des compétences à une dynamique réellement ancrée dans le terrain ?C’est la question que Renault, Safran et Saint-Gobain explorent à travers leurs retours d’e ...",Jean-Roch HOULLIER | Patrick BENAMMAR | Pierre AUTRET,"Head of Operations, Learning & Digital | Ex Learning & Development Director | People Development & Communication Director",Safran | Renault | Saint-Gobain,https://www.learningtechnologiesfrance.com/learning-technologies-paris-2026-conference-agenda/du-geste-%C3%A0-la-performance-la-puissance-du-savoir-faire-op%C3%A9rationnel
conference,2026-01-29,10:30,10:55,10:30 – 10:55,Salle de conférences Las Vegas,Table ronde,25 min,Comment convaincre un investisseur ? Les bonnes pratiques de levée en EdTech,Quoi de mieux que de donner la parole à celles et ceux qui sont en position de décider des investissements ? Avec la participation de plusieurs acteurs importants et originaux des Venture Capitals déd ...,Baudouin CORMAN | Sara REYNAUD | Beatrice CORAZZA | Julien SOLYJAN,CEO | CEO - Fondatrice | Transition & Part-Time CMO | Partner,Wooclap | My Moojoo Crowdfunding | iytro | 2CFinance,https://www.learningtechnologiesfrance.com/learning-technologies-paris-2026-conference-agenda/comment-convaincre-un-investisseur-les-bonnes-pratiques-de-lev%C3%A9e-en-edtech
conference,2026-01-29,10:30,10:55,10:30 – 10:55,Salle de conférences Londres,Keynote,25 min,La réalité de l'IA dans la formation : l'heure de l'intelligence pragmatique,"L'IA occupe une place croissante dans les discours sur la formation, mais ses usages réels restent parfois flous. Notre conférence fait le point sur la manière dont l’IA est aujourd’hui utilisée par l ...",Thomas DE PRAETERE,Fondateur,DOKEOS,https://www.learningtechnologiesfrance.com/learning-technologies-paris-2026-conference-agenda/la-r%C3%A9alit%C3%A9-de-lia-dans-la-formation-lheure-de-lintelligence-pragmatique
conference,2026-01-29,11:30,11:55,11:30 – 11:55,Salle de conférences Berlin,Keynote,25 min,La fin du catalogue de formation tel que vous le connaissez.,"Les catalogues de formation sont devenus aussi fournis qu’une bibliothèque Netflix.Mais dans un monde où les compétences évoluent chaque semaine, la formation ne peut plus se consommer comme une liste ...",Jérôme BOSIO,Directeur Général,XOS,https://www.learningtechnologiesfrance.com/learning-technologies-paris-2026-conference-agenda/la-fin-du-catalogue-de-formation-tel-que-vous-le-connaissez
conference,2026-01-29,11:30,11:55,11:30 – 11:55,Salle de conférences Las Vegas,Keynote,25 min,Les Femmes et l'Investissement - Focus en EdTech sur la base du baromètre du financement BCG SISTA Décembre 2025,"Entre intelligence artificielle et nouvelles approches pédagogiques, la EdTech se réinvente et ouvre des perspectives inédites pour l’éducation. Ce secteur, où les femmes fondatrices sont particulière ...",Alexia REISS,Déléguée Générale,SISTA,https://www.learningtechnologiesfrance.com/learning-technologies-paris-2026-conference-agenda/les-femmes-et-linvestissement-focus-en-edtech-sur-la-base-du-barom%C3%A8tre-du-financement-bcg-sista-d%C3%A9cembre-2025
conference,2026-01-29,11:30,11:55,11:30 – 11:55,Salle de conférences Paris,Étude de cas,25 min,Qu’est-ce qu’une bonne plateforme d’évaluation / d’examens ? Retour d'expérience de la Sorbonne,,Alban MOYEUX | Marc ALPÉROVITCH,Maître de conférences à l'Université Sorbonne Paris Nord | Président et Fondateur,Co-responsable du Master MQSE | Isograd,https://www.learningtechnologiesfrance.com/learning-technologies-paris-2026-conference-agenda/quest-ce-quune-bonne-plateforme-d%C3%A9valuation-/-dexamens-retour-dexp%C3%A9rience-de-la-sorbonne
conference,2026-01-29,11:30,11:55,11:30 – 11:55,Salle de conférences Londres,,25 min,Pédagogie augmentée par l’IA : retour d’expérience sur une méthode concrète avec l’IPAG Business School,Description L’IPAG Business School dévoile sa méthodologie de conception pédagogique intégrant une Intelligence Artificielle spécialisée pour transformer l’expérience d’apprentissage. Elle y partage é ...,Arezou NASSERI | Thomas Hervouet-Kasmi,Cheffe de projet Digital Learning | Directeur du CADE-DELC,IPAG Business School | IPAG Business School,https://www.learningtechnologiesfrance.com/learning-technologies-paris-2026-conference-agenda/scalabilit%C3%A9-engagement-comment-dixeo-red%C3%A9finit-l%C3%A9cosyst%C3%A8me-ld-en-alliant-performance-et-dynamique-dapprentissage
conference,2026-01-29,12:00,12:25,12:00 – 12:25,Salle de conférences Londres,Keynote,25 min,La méthode ‘appreciative enquiry’ et comment manager avec l’IA,Intégrer l’intelligence artificielle en entreprise ne se résume pas à une question de technologie ou d’éthique : c’est avant tout un enjeu humain et culturel. Les transformations technologiques réveil ...,Linda MOLKI,Entrepreneure et auteure,Soror’Ama,https://www.learningtechnologiesfrance.com/learning-technologies-paris-2026-conference-agenda/la-m%C3%A9thode-appreciative-enquiry-et-comment-manager-avec-lia
conference,2026-01-29,12:00,12:25,12:00 – 12:25,Salle de conférences Las Vegas,Table ronde,25 min,Et si les grands groupes misaient davantage sur la formation Made In France ?,Pourquoi l’enjeu du Made in France dans les stratégies d’achat de formation et de valorisation de la filière edtech française est une nécessité en 2026 ? Comment cela va apporter des réponses robustes ...,Orianne LEDROIT | Arthur NÈGRE | Julie DROZ | Alexandre LECT,"Déléguée Générale | Directeur Relations Membre et Partenaires, CRO | Responsable Formation | Co-founder et CEO",EDTECH FRANCE | France Digitale | Bouygues Telecom | edtake,https://www.learningtechnologiesfrance.com/learning-technologies-paris-2026-conference-agenda/et-si-les-grands-groupes-misaient-davantage-sur-la-formation-made-in-france-
conference,2026-01-29,12:00,12:25,12:00 – 12:25,Salle de conférences Paris,Keynote,25 min,Réinventer la mise en pratique du feedback : l’expérience d’Alstom,"Comment faire passer le feedback du concept à l’action, à grande échelle ? Dans cette session, découvrez comment Alstom renforce la compétence Feedback de ses managers grâce à un parcours innovant int ...",Afia TAK | Juliette BOJANIC,Global Learning Innovation & Infrastructure Manager | Solutions Consultant Manager,Alstom | CrossKnowledge,https://www.learningtechnologiesfrance.com/learning-technologies-paris-2026-conference-agenda/r%C3%A9inventer-la-mise-en-pratique-du-feedback-lexp%C3%A9rience-dalstom
conference,2026-01-29,12:00,12:25,12:00 – 12:25,Salle de conférences Berlin,,25 min,Le futur du learning: feedback boosté par IA Role-Play - retour d'expérience Philip Morris International,,,,,https://www.learningtechnologiesfrance.com/learning-technologies-paris-2026-conference-agenda/le-futur-du-learning-feedback-boost%C3%A9-par-ia-role-play-retour-dexp%C3%A9rience-philip-morris-international
conference,2026-01-29,12:30,13:00,12:30 – 13:00,Salle de conférences Berlin,Keynote,30 min,Quand la formation rencontre le leadership : vers une dynamique apprenante durable,"Former sans outiller les managers, c'est ignorer la moitié de l'équation. Trop de dispositifs s'essoufflent faute d'un relais managérial capable d'ancrer les apprentissages dans la durée. Cette confér ...",Elian CHREBOR,Fondateur Associé,E-Tipi Learning,https://www.learningtechnologiesfrance.com/learning-technologies-paris-2026-conference-agenda/quand-la-formation-rencontre-le-leadership-vers-une-dynamique-apprenante-durable
conference,2026-01-29,12:30,13:00,12:30 – 13:00,Salle de conférences Londres,Atelier,30 min,Comment Qonto réinvente la formation avec l’IA,"Alors que l’IA transforme nos façons de travailler, Qonto en fait un moteur d’apprentissage. Dans cette session, Olivia Mella dévoile comment son équipe et Sana ont créé un écosystème de formation uni ...",Olivia MELLA | Cassandre BLANCHE-BARBAT,Lead Knowledge & Learning | People & Business Operations Manager,Qonto | Sana,https://www.learningtechnologiesfrance.com/learning-technologies-paris-2026-conference-agenda/comment-qonto-r%C3%A9invente-la-formation-avec-lia
conference,2026-01-29,12:30,13:00,12:30 – 13:00,Salle de conférences Las Vegas,Table ronde,30 min,Financer la croissance des EdTech B2B : entre incertitudes et opportunités,"Moins dépendantes des marchés publics, les edtech qui proposent des dispositifs de formation aux entreprises (corporate learning), doivent néanmoins composer avec un contexte économique instable : bud ...",Thibaut GUÉDOU | Ambroise BOISSONNET | Marie-Christine LEVET,Responsable sectoriel numérique | Director | Co-fondatrice,Bpifrance | Amala Partners | Educapital,https://www.learningtechnologiesfrance.com/learning-technologies-paris-2026-conference-agenda/financer-la-croissance-des-edtech-b2b-entre-incertitudes-et-opportunit%C3%A9s
conference,2026-01-29,12:30,13:00,12:30 – 13:00,Salle de conférences Paris,Étude de cas,30 min,Agir sur les compétences pour réussir la transformation : Témoignage du Groupe La Poste et apport du modèle 4B,"Robert Demory, Directeur du Développement Professionnel pour le Groupe la Poste viendra témoigner de la stratégie mise en place dans le groupe pour développer les compétences et rendre les collaborate ...",Anne LE HAMP | Olivier LAGRÉE | Robert DEMORY,Senior Account Manager | Talent Management Strategy Advisor | Directeur du Développement Professionnel et de l’Expérience Collaborateur,Cornerstone | Cornerstone | Groupe La Poste,https://www.learningtechnologiesfrance.com/learning-technologies-paris-2026-conference-agenda/agir-sur-les-comp%C3%A9tences-pour-r%C3%A9ussir-la-transformation-t%C3%A9moignage-du-groupe-la-poste-et-apport-du-mod%C3%A8le-4b
conference,2026-01-29,14:00,14:25,14:00 – 14:25,Salle de conférences Paris,Keynote,25 min,Learning Tech & IA : vers une expérience d’apprentissage plus intelligente et plus humaine,"Le LMS vit une nouvelle jeunesse.Avec l’arrivée de l’intelligence artificielle et l’intégration des outils de formation dans l’environnement de travail, la formation digitale entre dans une nouvelle è ...",Elodie PRIMO | Ben CLARKE,Fondatrice & CEO - MOS | Chief Innovation Officer,MindOnSite | Hemsley Fraser,https://www.learningtechnologiesfrance.com/learning-technologies-paris-2026-conference-agenda/le-lms-de-lavenir-vers-une-exp%C3%A9rience-dapprentissage-plus-intelligente-et-plus-humaine
conference,2026-01-29,14:00,14:25,14:00 – 14:25,Salle de conférences Las Vegas,Keynote,25 min,"Comment donner à chacun les moyens de prendre soin de lui, de développer son potentiel et de donner un sens à sa vie grâce à l’IA","L’intelligence artificielle peut devenir un formidable levier d’épanouissement humain. En croisant données scientifiques, psychologie, neurosciences et sciences du comportement, elle permet à chacun d ...",Patrick THILL,Co-founder,Generous.co,https://www.learningtechnologiesfrance.com/learning-technologies-paris-2026-conference-agenda/comment-donner-%C3%A0-chacun-les-moyens-de-prendre-soin-de-lui-de-d%C3%A9velopper-son-potentiel-et-de-donner-un-sens-%C3%A0-sa-vie-gr-ce-%C3%A0-lia
conference,2026-01-29,14:00,14:25,14:00 – 14:25,Salle de conférences Londres,Keynote,25 min,Du salaire au savoir : quand la formation devient le premier levier de rétention.,"Et si la meilleure façon de retenir les talents n’était plus de sortir le chéquier ? Dans un marché du travail en berne, où la mobilité baisse et la croissance faiblit, les RH n’ont plus le luxe de pe ...",Sidonie VIALA,CHRO,360Learning,https://www.learningtechnologiesfrance.com/learning-technologies-paris-2026-conference-agenda/du-salaire-au-savoir-quand-la-formation-devient-le-premier-levier-de-r%C3%A9tention
conference,2026-01-29,14:00,14:25,14:00 – 14:25,Salle de conférences Berlin,Étude de cas,25 min,Lever les freins du Digital Learning grâce aux Agents IA -retour d'expérience Ginger,Pourquoi tant de projets de digitalisation stagnent-ils malgré les intentions ? Deux obstacles persistent : le manque de ressources et la difficulté à engager durablement les apprenants et collaborate ...,Brice GAILLARD | Nina GOUREVITCH,Cofondateur et Directeur Général | Responsable Projets Pédagogie & Digital Learning,Apolearn | Ginger,https://www.learningtechnologiesfrance.com/learning-technologies-paris-2026-conference-agenda/lever-les-freins-du-digital-learning-gr-ce-aux-agents-ia-retour-dexp%C3%A9rience-ginger
conference,2026-01-29,14:30,14:55,14:30 – 14:55,Salle de conférences Las Vegas,Étude de cas,25 min,Les neurosciences cognitives au service des LMS,"Dans cette présentation, nous abordons comment les modèles et méthodes issus des neurosciences permettent d’optimiser, à grande échelle, les indicateurs clés d’apprentissage et de mieux répondre aux b ...",Milad EKRAMNIA,Président,EdCortex,https://www.learningtechnologiesfrance.com/learning-technologies-paris-2026-conference-agenda/les-neurosciences-cognitives-au-service-des-lms
conference,2026-01-29,14:30,14:55,14:30 – 14:55,Salle de conférences Londres,Étude de cas,25 min,"Découvrir les techniques multijoueur, en salle et en asynchrone, pour déployer la pairagogie","Laurent présentera les formats apportant tous les bénéfices de l'apprentissage à plusieurs (""social learning""), sans devoir concevoir de nouveaux contenus. Cette conférence abordera aussi comment le ...",Laurent AUNEAU,Président Fondateur,Ludicius,https://www.learningtechnologiesfrance.com/learning-technologies-paris-2026-conference-agenda/learning-success-manager-comment-d%C3%A9ployer-la-pairagogie
conference,2026-01-29,14:30,14:55,14:30 – 14:55,Salle de conférences Paris,Étude de cas,25 min,Réinventer l’expérience apprenant grâce aux agents conversationnels : le cas Groupama,"Et si vos collaborateurs devenaient les héros de leur propre formation ? Groupama l’a fait, en intégrant des roleplays personnalisés pour développer des compétences clés de manière vivante et engagean ...",Raphaël DROISSART | Déborah DI GENNARO,COO & co-fondateur | Responsable Formation,Edflex | Groupama,https://www.learningtechnologiesfrance.com/learning-technologies-paris-2026-conference-agenda/quand-les-agents-conversationnels-r%C3%A9volutionnent-la-formation-lexp%C3%A9rience-groupama
conference,2026-01-29,14:30,14:55,14:30 – 14:55,Salle de conférences Berlin,Étude de cas,25 min,Former au sein d’une organisation complexe avec un LMS adapté : Découvrez le retour gagnant d’une grande société d’assurance.,Comment une grande organisation comptant plusieurs directions et départements peut-elle former près de 17 500 agents avec un LMS parfaitement alignée sur sa structure interne ? Une grande société d’as ...,Gwen DENIEUL | Julien TESLER,Dirigeant | Dirigeant,Classilio | Classilio,https://www.learningtechnologiesfrance.com/learning-technologies-paris-2026-conference-agenda/former-au-sein-dune-organisation-complexe-avec-un-lms-adapt%C3%A9-d%C3%A9couvrez-le-retour-gagnant-dune-grande-soci%C3%A9t%C3%A9-dassurance
conference,2026-01-29,15:00,15:25,15:00 – 15:25,Salle de conférences Londres,Étude de cas,25 min,Innover pour engager les équipes dans votre culture de développement durable chez Total Énergies,Altissima et TotalEnergies ont créé un parcours e-learning innovant et mobil-first pour embarquer l’ensemble de la population de la Compagnie à promouvoir et à intégrer des attitudes collectives prior ...,Bérengère LANGLOIS | Mathilde FOURQUET,Directrice Pôle Formation | Learning Manager,Altissima | TotalEnergies,https://www.learningtechnologiesfrance.com/learning-technologies-paris-2026-conference-agenda/totalenergies-comment-innover-pour-engager-les-%C3%A9quipes-dans-votre-cuture-de-d%C3%A9veloppement-durable
conference,2026-01-29,15:00,15:25,15:00 – 15:25,Salle de conférences Las Vegas,Étude de cas,25 min,Le management par la compétence à l’ère de l’IA,"Le mythe de la “preuve parfaite” par le ROI “pur” est encore trop présent : Promettre une causalité nette, c’est souvent décevoir. Le vrai levier réside dans un design des formations mesurable. Les pr ...",Hela ATMANI,CEO & Co-fondatrice,Palm (Palmhr.ai),https://www.learningtechnologiesfrance.com/learning-technologies-paris-2026-conference-agenda/le-management-par-la-comp%C3%A9tence-%C3%A0-l%C3%A8re-de-lia
conference,2026-01-29,15:00,15:25,15:00 – 15:25,Salle de conférences Paris,Étude de cas,25 min,Micro-certification : la brique digitale qui propulse votre stratégie compétences,,Jérôme BRUET,CEO,Procertif,https://www.learningtechnologiesfrance.com/learning-technologies-paris-2026-conference-agenda/micro-certification-la-brique-digitale-qui-propulse-votre-strat%C3%A9gie-comp%C3%A9tences
conference,2026-01-29,15:00,15:25,15:00 – 15:25,Salle de conférences Berlin,Étude de cas,25 min,Avatarisez vos VP avec BlendGen pour doubler l’engagement de vos apprenants - retour d'expérience de Lagardère Travel Retail,Découvrez comment Lagardère Travel Retail a utilisé BlendGen dans sa formation aux achats responsables pour avatariser leur VP. Résultats : un message incarné de la direction dans chaque langue locale ...,Gaëlle ORTEGA | Nathalie PINEAU,Responsible Offer Project Manager (XBL) | Ingénieure Pédagogique – Chargée de projet,Lagardère Travel Retail | Kwark,https://www.learningtechnologiesfrance.com/learning-technologies-paris-2026-conference-agenda/avatarisez-vos-vp-avec-blendgen-pour-doubler-lengagement-de-vos-apprenants-retour-dexp%C3%A9rience-de-lagard%C3%A8re-travel-retail
conference,2026-01-29,15:30,15:55,15:30 – 15:55,Salle de conférences Londres,Étude de cas,25 min,Du script au box-office : comment UGC fait vivre sa culture apprenante,"Silence, on apprend ! Et si le développement des compétences se racontait comme un film à succès ? Dans ce retour d'expérience, Callimedia et UGC lèvent le rideau sur les coulisses d’une aventure ambi ...",Adrien SAOUT | Pierre FABBRI | Yasmina JOUNI,Responsable Formation | Account Executive / Chargé d’Affaires | Account Executive,UGC | Callimedia | Callimedia,https://www.learningtechnologiesfrance.com/learning-technologies-paris-2026-conference-agenda/global-sentiment-survey-2026-what-future-does-ld-have-in-an-ai-world
conference,2026-01-29,16:00,16:25,16:00 – 16:25,Salle de conférences Berlin,Étude de cas,25 min,IA & transformation du savoir : quand la technologie amplifie l’expertise humaine chez Lefebvre Dalloz Compétences,"Comment faire évoluer un patrimoine éditorial d’une exceptionnelle richesse pour le rendre plus vivant, plus accessible et directement utile à l’apprentissage ? C’est le défi relevé collectivement par ...",Gjergj DEMIRAJ | Guillaume LETZGUS,PDG | DG,Gutenberg Technology | Lefebvre dalloz Compétences,https://www.learningtechnologiesfrance.com/learning-technologies-paris-2026-conference-agenda/ia-transformation-du-savoir-quand-la-technologie-amplifie-lexpertise-humaine-chez-lefebvre-dalloz-comp%C3%A9tences
conference,2026-01-29,16:00,16:25,16:00 – 16:25,Salle de conférences Paris,Étude de cas,25 min,Étude de cas à la Faculté des Lettres de Sorbonne Université : L'évolution des usages de l'IA générative en enseignement supérieur depuis 2023,"Contexte Le SIPR (Service Informatique pour la Pédagogie et la Recherche), cellule d’accompagnement des communautés enseignantes et étudiantes de la Faculté des Lettres de Sorbonne Université, a initi ...",Aryan RAHIMIAN | Aristide DOUCET | Wiem CHAKROUN,Ingénieur pédagogique à l'Université Paris-Est Créteil (UPEC) | Ingénieur Pour l'Enseignement Numérique | Ingénieur Pour l'Enseignement Numérique,Enseignant à la Faculté des Lettres de Sorbonne Université | Faculté des Lettres Sorbonne Université | Faculté des Lettres Sorbonne Université,https://www.learningtechnologiesfrance.com/learning-technologies-paris-2026-conference-agenda/%C3%A9tude-de-cas-%C3%A0-la-facult%C3%A9-des-lettres-de-sorbonne-universit%C3%A9-l%C3%A9volution-des-usages-de-lia-g%C3%A9n%C3%A9rative-en-enseignement-sup%C3%A9rieur-depuis-2023
conference,2026-01-29,16:00,16:25,16:00 – 16:25,Salle de conférences Las Vegas,Keynote,25 min,L’Éducation à l’Ère de l’IA : Quoi ? Pourquoi? Et comment enseigner et apprendre?,"Pourquoi apprendre à l’ère des machines intelligentes ?Que devons-nous - et que devrons-nous - enseigner, pourquoi et comment ? L’émergence des solutions d’intelligence artificielle dans nos sociétés ...",Delphine LE SERRE,Présidente,Fondation Canadienne EdHu2050,https://www.learningtechnologiesfrance.com/learning-technologies-paris-2026-conference-agenda/l%C3%A9ducation-%C3%A0-l%C3%A8re-de-lia-quoi-pourquoi-et-comment-enseigner-et-apprendre
conference,2026-01-29,16:00,16:25,16:00 – 16:25,Salle de conférences Londres,Étude de cas,25 min,Accélérer la performance des talents par l’organisation apprenante : le cas Edenred,"Dans un environnement en transformation permanente, Edenred fait de l’organisation apprenante un levier stratégique pour accélérer la performance de ses talents. En plaçant le développement continu au ...",Elizabeth VILLA,Global Head of Learning and Development,Edenred,https://www.learningtechnologiesfrance.com/learning-technologies-paris-2026-conference-agenda/acc%C3%A9l%C3%A9rer-la-performance-des-talents-par-lorganisation-apprenante-le-cas-edenred
conference,2026-01-29,16:30,16:55,16:30 – 16:55,Salle de conférences Londres,Atelier,25 min,Créer le cadre relationnel collectif de l'apprenance !,Venez faire l'expérience de la puissance d'un cadre relationnel d'apprentissage collectif co-construit. Niveau découverte pour tous public - Vous trouverez dans cet atelier des méthodes pratiques pour ...,Marie-Pierre DEQUIER,Présidente,France Apprenante,https://www.learningtechnologiesfrance.com/learning-technologies-paris-2026-conference-agenda/d%C3%A9ploiement-massive-et-global-de-lintelligence-artificielle-pour-former-les-formateurs-et-les-collaborateurs-pour-devenir-une-organisation-apprenante
conference,2026-01-29,16:30,16:55,16:30 – 16:55,Salle de conférences Berlin,Étude de cas,25 min,"Créer des formations innovantes intégrant des chatbots pédagogiques IA chez RNSPF, (Réseau numérique du ministère des Sports)","Découvrez un projet collaboratif innovant entre Baber Learning, agence e-learning, et le RNSPF, réseau numérique du Ministère des Sports : la co-création d'une formation certifiante Certifopac sur l'I ...",Hubert DE L'ESCAILLE | Nicolas FLIRDEN,Directeur Associé | Responsable du Réseau Numérique du Service Public de Formation RNSPF,Baber Learning | CREPS – Bourgogne-Franche-Comté,https://www.learningtechnologiesfrance.com/learning-technologies-paris-2026-conference-agenda/cr%C3%A9er-des-formations-innovantes-int%C3%A9grant-des-chatbots-p%C3%A9dagogiques-ia-chez-rnspf-r%C3%A9seau-num%C3%A9rique-du-minist%C3%A8re-des-sports
conference,2026-01-29,16:30,16:55,16:30 – 16:55,Salle de conférences Paris,Keynote,25 min,Former à l’IA éthique: résultats de recherche et avenir des formateurs,"Former les collaborateurs à appréhender les enjeux d’IA éthique et responsable représente un défi particulier. Tout d’abord, ces sujets évoluent rapidement, et surtout il s’agit souvent d’apprendre à ...",Hubert ETIENNE,Président Directeur Général,Quintessence AI,https://www.learningtechnologiesfrance.com/learning-technologies-paris-2026-conference-agenda/former-%C3%A0-lia-%C3%A9thique-r%C3%A9sultats-de-recherche-et-avenir-des-formateurs
conference,2026-01-29,16:30,16:55,16:30 – 16:55,Salle de conférences Las Vegas,Étude de cas,25 min,L'intelligence artificielle dans l'éducation : renforcer la connexion humaine à l'ère numérique,"Le résultat des recherches menées auprès de plus de 600 enseignants présente un constat évident : l’adoption réussie de l’IA ne dépend pas uniquement de la technologie, mais surtout de son impact sur ...",Tarek EL MOURAD,Directeur,Al Jubail Island Education Investment Holding,https://www.learningtechnologiesfrance.com/learning-technologies-paris-2026-conference-agenda/lintelligence-artificielle-dans-l%C3%A9ducation-renforcer-la-connexion-humaine-%C3%A0-l%C3%A8re-num%C3%A9rique
conference,2026-01-29,17:00,17:25,17:00 – 17:25,Salle de conférences Berlin,Keynote,25 min,Les Chiffres Clés du digital learning : Résultats de l’enquête 2026 de l’ISTF en avant-première,"C’est la 12ème édition de l’enquête annuelle sur les Chiffres Clés du digital learning menée par l’ISTF, la référence pour la montée en compétence des acteurs de la formation. Au fil des ans, ce barom ...",Mathilde ISTIN,Directrice,ISTF,https://www.learningtechnologiesfrance.com/learning-technologies-paris-2026-conference-agenda/les-chiffres-cl%C3%A9s-du-digital-learning-r%C3%A9sultats-de-lenqu%C3%AAte-2026-de-listf-en-avant-premi%C3%A8re
conference,2026-01-29,17:00,17:25,17:00 – 17:25,Salle de conférences Las Vegas,Table ronde,25 min,Comment cohabitent l’IA et l'humain en formation ?,"Les usages de l’IA en formation se déclinent désormais sous des formes multiples : analyse et modélisation fine des profils d’apprentissage, adaptation dynamique des contenus pédagogiques, ou encore p ...",Christophe COUPEAUX | Delphine LE SERRE | Patrick THILL,Digital Learning Manager | Présidente | Co-founder,Groupe Samsic | Fondation Canadienne EdHu2050 | Generous.co,https://www.learningtechnologiesfrance.com/learning-technologies-paris-2026-conference-agenda/comment-cohabitent-lia-et-lhumain-en-formation-
conference,2026-01-29,17:00,17:25,17:00 – 17:25,Salle de conférences Paris,Keynote,25 min,"Sciences Cognitives et L’IA, la recette pour améliorer la formation et remettre l’humain au centre","Beaucoup de débats agitent aujourd’hui le secteur de la formation : l’IA va-t-elle prendre la place des humains ? Mais au fond, ce débat presque pseudo-philosophique passe à côté de l’essentiel. Ce qu ...",Son LY,CEO et Co-Fondateur,Didask,https://www.learningtechnologiesfrance.com/learning-technologies-paris-2026-conference-agenda/sciences-cognitives-et-lia-la-recette-pour-am%C3%A9liorer-la-formation-et-remettre-lhumain-au-centre
conference,2026-01-29,17:30,17:55,17:30 – 17:55,Salle de conférences Paris,Table ronde,25 min,La Dette Cognitive à cause de l’intelligence artificielle est-elle réelle ?,,Lucie DHORNE | Son LY | Hoss ZAOUALI | Amélie RAOUL,"Autrice, conférencière, formatrice & consultante | CEO et Co-Fondateur | CEO ConnectED-Labs | Conférencière",Creativ’ip | Didask | Conférencier à l’Université Stanford | Chercheuse en IA,https://www.learningtechnologiesfrance.com/learning-technologies-paris-2026-conference-agenda/la-dette-cognitive-gr-ce-%C3%A0-lintelligence-artificielle-est-r%C3%A9el
