kind,date,start_time,end_time,time_range,room,session_type,title,description,speakers,speaker_jobs,speaker_orgs,url
live_session,2026-01-28,10:30,10:50,10:30 – 10:50,Théâtre 1,,Why role-play when you can real-play?,,Joanna LEWIS,Account Director,Attensi,https://www.learningtechnologiesfrance.com/learning-technologies-paris-2026-power-sessions/why-role-play-when-you-can-real-play
live_session,2026-01-28,11:00,11:20,11:00 – 11:20,Théâtre 3,,"France compétences, RSCH/RNCP : comment optimiser vos processus de certification ?",,Jérôme BRUET | Valérie-Anne MONVOISIN,CEO | Alliance Director,Procertif | Procertif,https://www.learningtechnologiesfrance.com/learning-technologies-paris-2026-power-sessions/session-tbc-sponsoris%C3%A9e-par-istf-1
live_session,2026-01-28,11:00,11:20,11:00 – 11:20,Théâtre 1,,Transformez vos PowerPoint de manière intelligente,,,,,https://www.learningtechnologiesfrance.com/learning-technologies-paris-2026-power-sessions/session-tbc-sponsoris%C3%A9e-par-ispring
live_session,2026-01-28,11:00,11:20,11:00 – 11:20,Théâtre 4,,Sécurité des examens numériques : la clé de la confiance,,Filip VANLERBERGHE,Senior Assessment Expert,Televic Education,https://www.learningtechnologiesfrance.com/learning-technologies-paris-2026-power-sessions/s%C3%A9curit%C3%A9-des-examens-num%C3%A9riques-la-cl%C3%A9-de-la-confiance
live_session,2026-01-28,11:00,11:20,11:00 – 11:20,Théâtre 2,,Baromètre : Où en sommes-nous aujourd’hui avec l'IA dans la formation professionnelle ?,,Hadrien KULIK | Benoît FAVARD,Directeur et fondateur de Dendreo | Directeur marketing,Septeo | Septeo Education,https://www.learningtechnologiesfrance.com/learning-technologies-paris-2026-power-sessions/session-tbc-sponsoris%C3%A9e-par-septeo-education-1
live_session,2026-01-28,11:30,11:50,11:30 – 11:50,Théâtre 3,,"B-Learn : Le coach IA qui entraîne, évalue et accélère la montée en compétence",,Baptiste CHARNIER,Co-Founder & CEO,Baber Learning,https://www.learningtechnologiesfrance.com/learning-technologies-paris-2026-power-sessions/b-learn-le-coach-ia-qui-entra%C3%AEne-%C3%A9value-et-acc%C3%A9l%C3%A8re-la-mont%C3%A9e-en-comp%C3%A9tence
live_session,2026-01-28,11:30,11:50,11:30 – 11:50,Théâtre 1,,Au-delà de la hype de L’IA: construire la confiance et de vrais liens dans les équipes internationales,,Sophie HUET,Directrice de la Conception Pédagogique et des Opérations de contenu,BUSUU,https://www.learningtechnologiesfrance.com/learning-technologies-paris-2026-power-sessions/session-tbc-sponsoris%C3%A9e-par-busuu
live_session,2026-01-28,11:30,11:50,11:30 – 11:50,Théâtre 4,,Microlearning et stratégies d’ancrage : les méthodes scientifiquement validées,,Vincent DEGRIECK | Philippe LAMBERT,Expert en IA et Technologies | Directeur Pédagogique,M2I | SKOLAE FORMATION,https://www.learningtechnologiesfrance.com/learning-technologies-paris-2026-power-sessions/session-tbc-sponsoris%C3%A9e-par-m2i-formation
live_session,2026-01-28,11:30,11:50,11:30 – 11:50,Théâtre 2,,Gamification et serious game : les meilleures pratiques de la ludopédagogie,,Laurent AUNEAU,Président Fondateur,Ludicius,https://www.learningtechnologiesfrance.com/learning-technologies-paris-2026-power-sessions/session-tbc-sponsoris%C3%A9e-par-ludicius
live_session,2026-01-28,12:00,12:20,12:00 – 12:20,Théâtre 3,,IA et vidéo: Ce qui maintient l'engagement des apprenants et comment l'IA change les règles,,Sandrine VERDUN,Formatrice Recommandée TechSmith et Consultante Digital Learning,TECHSMITH,https://www.learningtechnologiesfrance.com/learning-technologies-paris-2026-power-sessions/session-tbc-sponsoris%C3%A9e-par-techsmith
live_session,2026-01-28,12:00,12:20,12:00 – 12:20,Théâtre 1,,Apprendre autrement : quand l’IA remet la pédagogie au centre avec Autrice.ai,,Julien LE LAGADEC,VP Sales & Partnerships,Autrice,https://www.learningtechnologiesfrance.com/learning-technologies-paris-2026-power-sessions/apprendre-autrement-quand-lia-remet-la-p%C3%A9dagogie-au-centre-avec-autriceai
live_session,2026-01-28,12:00,12:20,12:00 – 12:20,Théâtre 4,,Avatars IA en immersive learning : REX clients relation client & incivilités,,Benjamin ATLANI,CEO,WiXar,https://www.learningtechnologiesfrance.com/learning-technologies-paris-2026-power-sessions/avatars-ia-en-immersive-learning-rex-clients-relation-client-incivilit%C3%A9s
live_session,2026-01-28,12:00,12:20,12:00 – 12:20,Théâtre 2,,Améliorer l’accessibilité et l’inclusivité de vos formations grâce aux agents IA,,Thomas SIMONNET | Romain HENRI,Responsable du développement Commercial | CTO,Apolearn | Apolearn,https://www.learningtechnologiesfrance.com/learning-technologies-paris-2026-power-sessions/session-tbc-sponsoris%C3%A9e-par-apolearn-1
live_session,2026-01-28,12:30,12:50,12:30 – 12:50,Théâtre 3,,AFEST & Savoir-Faire : comment garantir la préservation des savoir-faire ?,,Pacôme DE TAYRAC | Frédéric DEMARCQ,Responsable Pôle Conseil | Chief L&D Officer,Altissima | Africa Global Logistics (AGL),https://www.learningtechnologiesfrance.com/learning-technologies-paris-2026-power-sessions/afest-savoir-faire-comment-garantir-la-pr%C3%A9servation-des-savoir-faire-
live_session,2026-01-28,12:30,12:50,12:30 – 12:50,Théâtre 1,,De l’expertise terrain à la formation scalable : démonstration avec DIXEO,,,,,https://www.learningtechnologiesfrance.com/learning-technologies-paris-2026-power-sessions/session-tbc-sponsoris%C3%A9e-par-edunao
live_session,2026-01-28,12:30,12:50,12:30 – 12:50,Théâtre 4,,Comment valoriser votre offre de formation dans un marché saturé ?,,Nicolas DUPOUY,Directeur Commercial,BCdiploma,https://www.learningtechnologiesfrance.com/learning-technologies-paris-2026-power-sessions/comment-valoriser-votre-offre-de-formation-dans-un-march%C3%A9-satur%C3%A9-
live_session,2026-01-28,12:30,12:50,12:30 – 12:50,Théâtre 2,,Le pouvoir de la pratique immersive : transformer la formation commerciale avec les avatars,,Juliette BOJANIC,Solutions Consultant Manager,CrossKnowledge,https://www.learningtechnologiesfrance.com/learning-technologies-paris-2026-power-sessions/session-tbc-sponsoris%C3%A9e-par-crossknowledge
live_session,2026-01-28,13:00,13:20,13:00 – 13:20,Théâtre 3,,Consultez l'app pour + d'informations,,,,,https://www.learningtechnologiesfrance.com/learning-technologies-paris-2026-power-sessions/session-tbc-sponsoris%C3%A9e-par-sana-labs
live_session,2026-01-28,13:00,13:20,13:00 – 13:20,Théâtre 1,,L’Intelligence artificielle au service de l’évaluation,,Patrice BERTRAND,Directeur Associé,Experquiz,https://www.learningtechnologiesfrance.com/learning-technologies-paris-2026-power-sessions/lintelligence-artificielle-au-service-de-l%C3%A9valuation
live_session,2026-01-28,13:00,13:20,13:00 – 13:20,Théâtre 4,,Retour du présentiel : comment le LMS s’adapte (enfin) à la réalité du terrain ?,,Estelle GUYOT,Digital Learning Consultant,MindOnSite,https://www.learningtechnologiesfrance.com/learning-technologies-paris-2026-power-sessions/retour-du-pr%C3%A9sentiel-comment-le-lms-sadapte-enfin-%C3%A0-la-r%C3%A9alit%C3%A9-du-terrain-
live_session,2026-01-28,13:00,13:20,13:00 – 13:20,Théâtre 2,,"L'IA au service du L&D… Au-delà du buzzword, dans la vraie vie, ça ressemble à quoi ?",,Morgan NAUD,Deputy CEO – Product & Marketing,Bealink,https://www.learningtechnologiesfrance.com/learning-technologies-paris-2026-power-sessions/session-tbc-sponsoris%C3%A9e-par-bealink
live_session,2026-01-28,13:30,13:50,13:30 – 13:50,Théâtre 3,,Première offre d’Adaptive Learning “sur étagères” : quand l’individualisation devient enfin déployable à grande échelle,,Fabienne BOUCHUT | Bertrand DÉROULÈDE,Cheffe de projets innovation | Manager de l’offre management et changement,Cegos | Cegos,https://www.learningtechnologiesfrance.com/learning-technologies-paris-2026-power-sessions/session-tbc-sponsoris%C3%A9e-par-cegos
live_session,2026-01-28,13:30,13:50,13:30 – 13:50,Théâtre 1,,Comment les IA pédagogiques rendent enfin possible la mise en pratique en digital,,Boris LUCAS,Sales Manager,Teach Up,https://www.learningtechnologiesfrance.com/learning-technologies-paris-2026-power-sessions/session-tbc-sponsoris%C3%A9e-par-teach-up-1
live_session,2026-01-28,13:30,13:50,13:30 – 13:50,Théâtre 4,,"Maximisez votre ROI formation : copilote IA côté créateur, tuteur IA côté apprenant",,Alexandre LECT | Matthieu MASSE,Co-founder et CEO | Co-founder et CPTO,edtake | edtake,https://www.learningtechnologiesfrance.com/learning-technologies-paris-2026-power-sessions/maximisez-votre-roi-formation-copilote-ia-c%C3%B4t%C3%A9-cr%C3%A9ateur-tuteur-ia-c%C3%B4t%C3%A9-apprenant
live_session,2026-01-28,13:30,13:50,13:30 – 13:50,Théâtre 2,,"Gérez votre énergie, pas (seulement) votre temps",,Virginie LAURENT,Head of Coaching Sciences,Speexx,https://www.learningtechnologiesfrance.com/learning-technologies-paris-2026-power-sessions/session-tbc-sponsoris%C3%A9e-par-speexx
live_session,2026-01-28,15:00,15:20,15:00 – 15:20,Théâtre 3,,Stop aux fautes d’orthographe : l’innovation pédagogique et e-learning qui change la donne,,Alexandre HUAU-ARMANI | Roxane JOANNIDÈS,"Cofondateur, directeur général | Présidente",OHé - Orthographe Héros | OHé - Orthographe Héros,https://www.learningtechnologiesfrance.com/learning-technologies-paris-2026-power-sessions/stop-aux-fautes-dorthographe-linnovation-p%C3%A9dagogique-et-e-learning-qui-change-la-donne
live_session,2026-01-28,15:00,15:20,15:00 – 15:20,Théâtre 1,,Réinventer l’expérience apprenant avec LumApps Learning : retours d’expérience et bonnes pratiques,,Julia DANINO | Hélène MARCHAND,Key Account Manager | Senior Customer Success Manager,LumApps Learning | LumApps Learning,https://www.learningtechnologiesfrance.com/learning-technologies-paris-2026-power-sessions/session-tbc-sponsoris%C3%A9e-par-lumapps-learning
live_session,2026-01-28,15:00,15:20,15:00 – 15:20,Théâtre 4,,Rendre l’apprentissage durable dans un monde de scroll et d’IA,,Nicolas NARBAIS,Solutions Architect,synthesia,https://www.learningtechnologiesfrance.com/learning-technologies-paris-2026-power-sessions/vid%C3%A9o-interactive-le-levier-pour-des-formations-engageantes-et-%C3%A0-grande-%C3%A9chelle
live_session,2026-01-28,15:00,15:20,15:00 – 15:20,Théâtre 2,,La puissance de l’audio au service de la formation,,David GORDON,Directeur Associé,Nouvelles Voix Formation,https://www.learningtechnologiesfrance.com/learning-technologies-paris-2026-power-sessions/la-puissance-de-laudio-au-service-de-la-formation
live_session,2026-01-28,15:30,15:50,15:30 – 15:50,Théâtre 3,,"Triche, plagiat, correction : résolvez l’équation impossible de l’évaluation avec l’IA",,Cédric DE LA TORRE,Directeur Général,Evaluo,https://www.learningtechnologiesfrance.com/learning-technologies-paris-2026-power-sessions/triche-plagiat-correction-r%C3%A9solvez-l%C3%A9quation-impossible-de-l%C3%A9valuation-avec-lia
live_session,2026-01-28,15:30,15:50,15:30 – 15:50,Théâtre 1,,Maximiser l’impact des formateurs internes : le pouvoir du TMS,,Antoine LORNE | Sandrine BRUN,Directeur Commercial | Marketing Manager France,Training Orchestra | Training Orchestra,https://www.learningtechnologiesfrance.com/learning-technologies-paris-2026-power-sessions/maximiser-limpact-des-formateurs-internes-le-pouvoir-du-tms
live_session,2026-01-28,15:30,15:50,15:30 – 15:50,Théâtre 4,,Qualiopi sans stress : gagnez du temps grâce à l’automatisation,,Barnabé CHAUVIN,CEO,SmartOF,https://www.learningtechnologiesfrance.com/learning-technologies-paris-2026-power-sessions/session-tbc-sponsoris%C3%A9e-par-smartof-1
live_session,2026-01-28,15:30,15:50,15:30 – 15:50,Théâtre 2,,Quand l’IA automatise l’ingénierie pédagogique : de l’intention à la production en un prompt,,Steve LAROCHE,Product Owner,Kwark,https://www.learningtechnologiesfrance.com/learning-technologies-paris-2026-power-sessions/session-tbc-sponsoris%C3%A9e-par-kwark
live_session,2026-01-28,16:00,16:20,16:00 – 16:20,Théâtre 3,,Jeunesses & IA générative : (Re)penser nos pratiques de formation,,Mathias PRZYGODA | Lucas HILLEREAU,"Co-gérant, docteur en sociologie & formateur nouvelles générations au travail | Co-gérant, ingénieur de recherche en science de l’éducation et de la formation (SDEF)",GROUPE AGAU | GROUPE AGAU,https://www.learningtechnologiesfrance.com/learning-technologies-paris-2026-power-sessions/jeunesses-ia-g%C3%A9n%C3%A9rative-repenser-nos-pratiques-de-formation
live_session,2026-01-28,16:00,16:20,16:00 – 16:20,Théâtre 1,,De la vision pédagogique à la plateforme digitale : retour d’expérience Immerscio.bio,,Sandrine LEMOINE | Intissar KHEDIM | Edmon EZRIBI | Olivier FAMERY,CEO | Chargé de Communication | IT Manager | Learning Consultant & CSM,Immerscio.bio | Immerscio.bio | Immerscio.bio | Rise Up,https://www.learningtechnologiesfrance.com/learning-technologies-paris-2026-power-sessions/session-tbc-sponsoris%C3%A9e-par-rise-up-1
live_session,2026-01-28,16:00,16:20,16:00 – 16:20,Théâtre 4,,"Coach humain, coach IA : le nouveau duo gagnant de l'apprentissage des langues",,Flora SOUPART-STIENNE,Head of Account Management,Learnlight,https://www.learningtechnologiesfrance.com/learning-technologies-paris-2026-power-sessions/coach-humain-coach-ia-le-nouveau-duo-gagnant-de-lapprentissage-des-langues
live_session,2026-01-28,16:00,16:20,16:00 – 16:20,Théâtre 2,,Illustration de l’impact de l’IA sur les processus RH et les compétences,,Matthieu LANDRE,Solution Consultant,Cornerstone,https://www.learningtechnologiesfrance.com/learning-technologies-paris-2026-power-sessions/session-tbc-sponsoris%C3%A9e-par-cornerstone
live_session,2026-01-28,16:30,16:50,16:30 – 16:50,Théâtre 3,,Formation immersive : Comment la XR révolutionne le développement des compétences,,Abdoul BENAMER,Fondateur & CEO,I-OASIS,https://www.learningtechnologiesfrance.com/learning-technologies-paris-2026-power-sessions/formation-immersive-comment-la-xr-r%C3%A9volutionne-le-d%C3%A9veloppement-des-comp%C3%A9tences
live_session,2026-01-28,16:30,16:50,16:30 – 16:50,Théâtre 1,,Transformez vos bureaux en centres d’entraînement augmentés par l’IA,,Alexandra MAURY GRILLÉ | Florian PLOIX,DGA | Directeur Conseil & Innovation,Very Up | Very Up,https://www.learningtechnologiesfrance.com/learning-technologies-paris-2026-power-sessions/session-tbc-sponsoris%C3%A9e-par-very-up
live_session,2026-01-28,16:30,16:50,16:30 – 16:50,Théâtre 4,,De la théorie à la pratique : pourquoi role-play et coaching sont le futur du learning,,Quentin BOUCHE,Co-Fondateur,Coachello,https://www.learningtechnologiesfrance.com/learning-technologies-paris-2026-power-sessions/de-la-th%C3%A9orie-%C3%A0-la-pratique-pourquoi-role-play-et-coaching-sont-le-futur-du-learning
live_session,2026-01-28,16:30,16:50,16:30 – 16:50,Théâtre 2,,Former les leaders de demain : quand le développement des postures managériales passe de l’intangible au mesurable,,Romain ETAY | Vanessa KOLASNIEWSKI,CRO & co-fondateur | Responsable Programmes Talents,Klara | Carrefour,https://www.learningtechnologiesfrance.com/learning-technologies-paris-2026-power-sessions/former-les-leaders-de-demain-quand-le-d%C3%A9veloppement-des-postures-manag%C3%A9riales-passe-de-lintangible-au-mesurable
live_session,2026-01-28,17:00,17:20,17:00 – 17:20,Théâtre 3,,Et si on arrêtait de saboter nos projets de formation ? 3 cas clients à la loupe qui montrent comment réussir !,,Anne MANOUSSAKI | Soizic FOUILLAND,Référente Pédagogique | DG,TeachizyPlus | TeachizyPlus,https://www.learningtechnologiesfrance.com/learning-technologies-paris-2026-power-sessions/session-tbc-sponsoris%C3%A9e-par-teachizyplus
live_session,2026-01-28,17:00,17:20,17:00 – 17:20,Théâtre 1,,Impact de l’IA dans les Ressources Humaines avec une IA pragmatico-pratique,,Thomas FLAURAUD,"Conférencier IA et RH, Consultant IA et Expert formateur IA Licencié SAVOIR IA Puy-de-Dôme et Rhône",SavoirIA®,https://www.learningtechnologiesfrance.com/learning-technologies-paris-2026-power-sessions/impact-de-lia-dans-les-ressources-humaines-avec-une-ia-pragmatico-pratique
live_session,2026-01-28,17:00,17:20,17:00 – 17:20,Théâtre 4,,"Fini des storyboards, clips IA…Le reset du e-learning",,,,,https://www.learningtechnologiesfrance.com/learning-technologies-paris-2026-power-sessions/session-tbc-sponsoris%C3%A9e-par-bombadil-production
live_session,2026-01-28,17:00,17:20,17:00 – 17:20,Théâtre 2,,"Learning Impact Awards, 1 gagnant témoigne sur son projet à impact",,Virginie LENNE | Carole VENDÉ,Chef de Projet Développement des Compétences Formation | VP People & Impact,Caisse d’Epargne Hauts de France | Edflex,https://www.learningtechnologiesfrance.com/learning-technologies-paris-2026-power-sessions/session-tbc-sponsoris%C3%A9e-par-edflex-1
live_session,2026-01-28,17:30,17:50,17:30 – 17:50,Théâtre 3,,En quête d'interactions ludiques pour vos formations en salle ou à distance ?,,Pascal STIEVENARD,Consultant Digital Learning,MOBITEACH,https://www.learningtechnologiesfrance.com/learning-technologies-paris-2026-power-sessions/en-qu%C3%AAte-dinteractions-ludiques-pour-vos-formations-en-salle-ou-%C3%A0-distance-
live_session,2026-01-28,17:30,17:50,17:30 – 17:50,Théâtre 1,,Simulation professionnelle immersive : l’IA qui vous met en conditions réelles,,Edouard TRAGIN,Head of Sales Engineering,360Learning,https://www.learningtechnologiesfrance.com/learning-technologies-paris-2026-power-sessions/session-tbc-sponsoris%C3%A9e-par-360learning
live_session,2026-01-28,17:30,17:50,17:30 – 17:50,Théâtre 4,,Le Challenge du mois : un format ludique et agile pour engager vos équipes,,Betty ABILIOU,PDG et fondatrice,Innov’ Akademy,https://www.learningtechnologiesfrance.com/learning-technologies-paris-2026-power-sessions/session-tbc-sponsoris%C3%A9e-par-innovakademy
live_session,2026-01-28,17:30,17:50,17:30 – 17:50,Théâtre 2,,Augmentez la confiance de vos apprenants avec Cornerstone Immerse & TAKOMA,,Alexis MASSART,Responsable de l’équipe XR,TAKOMA,https://www.learningtechnologiesfrance.com/learning-technologies-paris-2026-power-sessions/augmentez-la-confiance-de-vos-apprenants-avec-cornerstone-immerse-takoma
live_session,2026-01-28,18:00,18:20,18:00 – 18:20,Théâtre 3,,Comment engager activement les apprenants sans artifices ?,,Svetlana MEYER,"Responsable Scientifique, Phd",Didask,https://www.learningtechnologiesfrance.com/learning-technologies-paris-2026-power-sessions/session-tbc-sponsoris%C3%A9e-par-didask
live_session,2026-01-28,18:00,18:20,18:00 – 18:20,Théâtre 2,,"From Language to Impact : Speexx, la plateforme qui développe les compétences qui comptent",,Stéphanie DELAHAYE ROUSSEAU,Head of Sales France,Speexx,https://www.learningtechnologiesfrance.com/learning-technologies-paris-2026-power-sessions/session-tbc-sponsoris%C3%A9e-par-speexx-1
live_session,2026-01-28,18:00,18:20,18:00 – 18:20,Théâtre 1,,Agents IA: Comment libérer les formateurs des tâches chronophages ?,,Salim ARREBEI,Customer Care Manager,DOKEOS,https://www.learningtechnologiesfrance.com/learning-technologies-paris-2026-power-sessions/session-tbc-sponsoris%C3%A9e-par-dokeos
live_session,2026-01-28,18:00,18:20,18:00 – 18:20,Théâtre 4,,33 trucs à la croisée des chemins entre microlearning et storytelling,,Fabien BEN N’SIR,COO et co-fondateur,33 TRUCS,https://www.learningtechnologiesfrance.com/learning-technologies-paris-2026-power-sessions/session-sponsoris%C3%A9e-par-33-trucs
live_session,2026-01-28,18:30,18:50,18:30 – 18:50,Théâtre 3,,Agents IA & formation des managers : la recette d’Artelia pour 60 % d’engagement,,Marie-Astrid HUG | Tristan VIÉ,Directrice de la Formation | Co-Fondateur,ARTELIA | BLIFY,https://www.learningtechnologiesfrance.com/learning-technologies-paris-2026-power-sessions/session-tbc-sponsoris%C3%A9e-par-blify
live_session,2026-01-28,18:30,18:50,18:30 – 18:50,Théâtre 1,,Evolutive Learning Factories : réinventer la pédagogie pour l’industrie 4.0,,Sébastien Fernandez,Directeur du développement des Evolutive Learning Factories,ÉCOLE NATIONALE SUPERIEURE D’ARTS ET METIERS (ENSAM),https://www.learningtechnologiesfrance.com/learning-technologies-paris-2026-power-sessions/session-sponsoris%C3%A9e-par-arts-et-m%C3%A9tiers-1
live_session,2026-01-28,18:30,18:50,18:30 – 18:50,Théâtre 2,,Mixer les pédagogies grâce à la Réalité Virtuelle : former autrement à la diversité et aux RPS,,Antoine BERNARD,CEO,Reality Academy,https://www.learningtechnologiesfrance.com/learning-technologies-paris-2026-power-sessions/session-sponsoris%C3%A9e-par-reality-academy-1
live_session,2026-01-29,10:30,10:50,10:30 – 10:50,Théâtre 3,,Fraikin : Booster la Performance Commerciale avec le SMS Learning,,Fleur-Ève LE FOLL | Alain-François PIALA,Dirigeante Fondatrice | DRH,Anemon SMS Learning | FRAIKIN,https://www.learningtechnologiesfrance.com/learning-technologies-paris-2026-power-sessions/session-tbc-sponsoris%C3%A9e-par-anemon
live_session,2026-01-29,10:30,10:50,10:30 – 10:50,Théâtre 1,,L’évaluation couplée à un référentiel de compétences,,Patrice BERTRAND,Directeur Associé,Experquiz,https://www.learningtechnologiesfrance.com/learning-technologies-paris-2026-power-sessions/l%C3%A9valuation-coupl%C3%A9e-%C3%A0-un-r%C3%A9f%C3%A9rentiel-de-comp%C3%A9tences
live_session,2026-01-29,10:30,10:50,10:30 – 10:50,Théâtre 4,,Transmission des compétences internes : donner de l’impact à l’expertise métier,,Sophie LAZARD | Mathilde ISTIN,CEO | Directrice,GLOWBL | ISTF,https://www.learningtechnologiesfrance.com/learning-technologies-paris-2026-power-sessions/session-tbc-sponsoris%C3%A9e-par-valence
live_session,2026-01-29,10:30,10:50,10:30 – 10:50,Théâtre 2,,Knowledge Management et IA : faire de la connaissance un levier de performance,,Guillaume CALANDOT,Responsable de l’activité Conseil en Knowledge Management,TAKOMA,https://www.learningtechnologiesfrance.com/learning-technologies-paris-2026-power-sessions/knowledge-management-et-ia-faire-de-la-connaissance-un-levier-de-performance
live_session,2026-01-29,11:00,11:20,11:00 – 11:20,Théâtre 3,,De la formation à l'utilisation pluridisciplinaire : comment RTE a généralisé l'usage de la vidéo interne,,Camille HEITZ | Alain PARIS,Directrice Commerciale | Chef de projet collab et vidéo,UBICAST | RTE Réseau de Transport d'Electricité,https://www.learningtechnologiesfrance.com/learning-technologies-paris-2026-power-sessions/session-tbc-sponsoris%C3%A9e-par-ubicast
live_session,2026-01-29,11:00,11:20,11:00 – 11:20,Théâtre 1,,Comment les IA pédagogiques rendent enfin possible la mise en pratique en digital,,Florence ANDRÉ,Directrice du Développement,Teach Up,https://www.learningtechnologiesfrance.com/learning-technologies-paris-2026-power-sessions/session-tbc-sponsoris%C3%A9e-par-teach-up
live_session,2026-01-29,11:00,11:20,11:00 – 11:20,Théâtre 4,,L’apprentissage à l’ère de l’IA : De l’Infobésité à la maîtrise intelligente,,Mikael T,Director - Digital Adoption,Whatfix,https://www.learningtechnologiesfrance.com/learning-technologies-paris-2026-power-sessions/lapprentissage-%C3%A0-l%C3%A8re-de-lia-de-linfob%C3%A9sit%C3%A9-%C3%A0-la-ma%C3%AEtrise-intelligente
live_session,2026-01-29,11:00,11:20,11:00 – 11:20,Théâtre 2,,IA et Formation : Assez de promesses. Exigez des résultats.,,Fernando MARTIN,Team Lead - Solutions Consulting,Docebo,https://www.learningtechnologiesfrance.com/learning-technologies-paris-2026-power-sessions/ia-et-formation-assez-de-promesses-exigez-des-r%C3%A9sultats
live_session,2026-01-29,11:30,11:50,11:30 – 11:50,Théâtre 3,,My Green Training Box : le digital learning responsable,,Annabel LEVERT | Laurent DEDIEU,CEO | Directeur Développement,MY TRAINING BOX | MY TRAINING BOX,https://www.learningtechnologiesfrance.com/learning-technologies-paris-2026-power-sessions/my-green-training-box-le-digital-learning-responsable
live_session,2026-01-29,11:30,11:50,11:30 – 11:50,Théâtre 1,,Un Tuteur IA pour chaque apprenant dans le monde !,,Alexandre LECT | Matthieu MASSE,Co-founder et CEO | Co-founder et CPTO,edtake | edtake,https://www.learningtechnologiesfrance.com/learning-technologies-paris-2026-power-sessions/un-tuteur-ia-pour-chaque-apprenant-dans-le-monde-
live_session,2026-01-29,11:30,11:50,11:30 – 11:50,Théâtre 4,,"Former les dirigeants autrement : qualité, expérience et impact collectif",,Hélène CLÉMENT | Emmanuel BELLENGIER,Directrice Bpifrance Université | CEO,Bpifrance | Aptilink,https://www.learningtechnologiesfrance.com/learning-technologies-paris-2026-power-sessions/former-les-dirigeants-autrement-qualit%C3%A9-exp%C3%A9rience-et-impact-collectif
live_session,2026-01-29,11:30,11:50,11:30 – 11:50,Théâtre 2,,The Future of Learning in AI: Beyond Enhancement to Transformation,,Gregg COLLINS | Brandon DICKENS,"Chief Learning Scientist | Vice President, Advanced Solutions",NIIT | NIIT,https://www.learningtechnologiesfrance.com/learning-technologies-paris-2026-power-sessions/the-future-of-learning-in-ai-beyond-enhancement-to-transformation
live_session,2026-01-29,12:00,12:20,12:00 – 12:20,Théâtre 3,,Relever le défi de la formation terrain à la relation client : retour d’expérience avec SNCF Voyageurs,,Laure HUTCHINGS | Audrey DESCAMPS,Directrice Associée | Cheffe de projet Simplicité Clients,KSIRI Learning | SNCF Voyageurs,https://www.learningtechnologiesfrance.com/learning-technologies-paris-2026-power-sessions/relever-le-d%C3%A9fi-de-la-formation-terrain-%C3%A0-la-relation-client-retour-dexp%C3%A9rience-avec-sncf-voyageurs
live_session,2026-01-29,12:00,12:20,12:00 – 12:20,Théâtre 1,,Le TMS comme levier de transformation organisationnelle,,Régis ALVARO | Thomas BESSONNEAU,Account Executive | Head of Presales & CSM,Training Orchestra | Training Orchestra,https://www.learningtechnologiesfrance.com/learning-technologies-paris-2026-power-sessions/le-tms-comme-levier-de-transformation-organisationnelle
live_session,2026-01-29,12:00,12:20,12:00 – 12:20,Théâtre 4,,Manager à l’ère de l’IA : Le rôle du manager dans la transformation IA,,Simon CHATELAIN,Directeur du Pôle Humain & RSE,MyConnecting,https://www.learningtechnologiesfrance.com/learning-technologies-paris-2026-power-sessions/session-tbc-sponsoris%C3%A9e-par-myconnecting
live_session,2026-01-29,12:00,12:20,12:00 – 12:20,Théâtre 2,,De la formation à l'impact : faire vivre les compétences au quotidien,,Valentine TOKOTO | Jean MIGALSKI,Chef de Projet | Customer Success Manager,E-Tipi Learning | E-Tipi Learning,https://www.learningtechnologiesfrance.com/learning-technologies-paris-2026-power-sessions/de-la-formation-%C3%A0-limpact-faire-vivre-les-comp%C3%A9tences-au-quotidien
live_session,2026-01-29,12:30,12:50,12:30 – 12:50,Théâtre 3,,Quand le e-learning classique ne suffit pas : place au coach IA !,,Svetlana MEYER,"Responsable Scientifique, Phd",Didask,https://www.learningtechnologiesfrance.com/learning-technologies-paris-2026-power-sessions/session-tbc-sponsoris%C3%A9e-par-didask-1
live_session,2026-01-29,12:30,12:50,12:30 – 12:50,Théâtre 1,,Votre offre de formation mérite mieux qu’un simple catalogue,,Martin FEDERSPIL,Product Marketing Manager,Rise Up,https://www.learningtechnologiesfrance.com/learning-technologies-paris-2026-power-sessions/session-tbc-sponsoris%C3%A9e-par-rise-up
live_session,2026-01-29,12:30,12:50,12:30 – 12:50,Théâtre 4,,"Le manager, au cœur du développement des talents - et du sien",,Estelle GUYOT,Digital Learning Consultant,MindOnSite,https://www.learningtechnologiesfrance.com/learning-technologies-paris-2026-power-sessions/le-manager-au-c%C5%93ur-du-d%C3%A9veloppement-des-talents-et-du-sien
live_session,2026-01-29,12:30,12:50,12:30 – 12:50,Théâtre 2,,Formations digitales accessibles : les bonnes pratiques à adopter dès maintenant,,Julien GEORGET,Innovation Consultant,Callimedia,https://www.learningtechnologiesfrance.com/learning-technologies-paris-2026-power-sessions/session-tbc-sponsoris%C3%A9e-par-bealink-1
live_session,2026-01-29,13:00,13:20,13:00 – 13:20,Théâtre 3,,Automatiser la gestion administrative de son centre de formation grâce à l’IA,,Barnabé CHAUVIN,CEO,SmartOF,https://www.learningtechnologiesfrance.com/learning-technologies-paris-2026-power-sessions/session-tbc-sponsoris%C3%A9e-par-smartof
live_session,2026-01-29,13:00,13:20,13:00 – 13:20,Théâtre 1,,3 façons innovantes de former à vos nouveaux outils,,Fabien MARCHAND | Pierre BARRIER,Directeur Pédagogique | Directeur Pédagogique,Very Up | Very Up,https://www.learningtechnologiesfrance.com/learning-technologies-paris-2026-power-sessions/session-tbc-sponsoris%C3%A9e-par-very-up-1
live_session,2026-01-29,13:00,13:20,13:00 – 13:20,Théâtre 4,,"Comment former, engager et sensibiliser avec le Serious Game ?",,Rémi CALINGAERT,Game Designer,ALBUS FACTORY,https://www.learningtechnologiesfrance.com/learning-technologies-paris-2026-power-sessions/session-tbc-sponsoris%C3%A9e-par-albus-factory
live_session,2026-01-29,13:00,13:20,13:00 – 13:20,Théâtre 2,,"Piloter une certification : exigences, conformité et réseau de partenaires",,Vincent BARRIER,Directeur,Wedof & CertiPlace,https://www.learningtechnologiesfrance.com/learning-technologies-paris-2026-power-sessions/session-tbc-sponsoris%C3%A9e-par-septeo-education
live_session,2026-01-29,13:30,13:50,13:30 – 13:50,Théâtre 3,,Test DLTE : l’outil de mesure du learning impact des équipes formation by ISTF,,Mathilde ISTIN,Directrice,ISTF,https://www.learningtechnologiesfrance.com/learning-technologies-paris-2026-power-sessions/session-tbc-sponsoris%C3%A9e-par-istf
live_session,2026-01-29,13:30,13:50,13:30 – 13:50,Théâtre 1,,Quand les sportifs de haut niveau transforment la formation professionnelle,,Clément MESLIN | Sébastien FOUCRAS,CEO et Co-Fondateur | Vice champion Olympique Nagano 98,Edflex | DGA Hopscotch Sport & Co-fondateur Etoiles du Sport,https://www.learningtechnologiesfrance.com/learning-technologies-paris-2026-power-sessions/session-tbc-sponsoris%C3%A9e-par-edflex
live_session,2026-01-29,13:30,13:50,13:30 – 13:50,Théâtre 4,,"Comment l’AI peut améliorer la performance de vos équipes commerciales (Sales, Account Management, Distribution, etc) ?",,Philippe LECERF,CEO,Way2Tech.ai,https://www.learningtechnologiesfrance.com/learning-technologies-paris-2026-power-sessions/session-tbc-sponsoris%C3%A9e-par-way2techai
live_session,2026-01-29,13:30,13:50,13:30 – 13:50,Théâtre 2,,De la migration de vos contenus à la phase de run : simplifiez chaque étape grâce aux agents IA,,Thomas SIMONNET | Romain HENRI,Responsable du développement Commercial | CTO,Apolearn | Apolearn,https://www.learningtechnologiesfrance.com/learning-technologies-paris-2026-power-sessions/session-tbc-sponsoris%C3%A9e-par-apolearn
live_session,2026-01-29,15:00,15:20,15:00 – 15:20,Théâtre 3,,"L'IA au service de la production vidéo : ce qui fonctionne aujourd'hui, ce qui fonctionnera demain…",,Damien BRUYNDONCKX,Formateur Recommandé TechSmith et expert en eLearning,TECHSMITH,https://www.learningtechnologiesfrance.com/learning-technologies-paris-2026-power-sessions/session-tbc-sponsoris%C3%A9e-par-techsmith-1
live_session,2026-01-29,15:00,15:20,15:00 – 15:20,Théâtre 1,,Le débrief express du marché: 6 tendances Learning au-delà de la hype,,Cora BEGHIN | Aurélie BESNARD | Nathalie JOST | Caroline ROUIL,VP Learning and Development | Directrice Développement Professionnel | Global Talent Development Director | Head of Learning & Development,Sage | AG2R La Mondiale | Geodis | Allianz,https://www.learningtechnologiesfrance.com/learning-technologies-paris-2026-power-sessions/session-tbc-sponsoris%C3%A9e-par-kokoroe
live_session,2026-01-29,15:00,15:20,15:00 – 15:20,Théâtre 2,,"From Language to Impact : Speexx, la plateforme qui développe les compétences qui comptent",,Stéphanie DELAHAYE ROUSSEAU,Head of Sales France,Speexx,https://www.learningtechnologiesfrance.com/learning-technologies-paris-2026-power-sessions/session-tbc-sponsoris%C3%A9e-par-speexx-2
live_session,2026-01-29,15:00,15:20,15:00 – 15:20,Théâtre 4,,"La formation réinventée : La puissance de l'immersif pour l'Education et les RH, avec HTC Vive & D'un Seul Geste",,,,,https://www.learningtechnologiesfrance.com/learning-technologies-paris-2026-power-sessions/session-tbc-sponsoris%C3%A9e-par-dun-seul-geste
live_session,2026-01-29,15:30,15:50,15:30 – 15:50,Théâtre 3,,L’IA dans la formation : 20 minutes pour transformer une urgence terrain en formation concrète,,Aurélie HAUMAÎTRE,Senior Product Marketing Manager,BEEDEEZ,https://www.learningtechnologiesfrance.com/learning-technologies-paris-2026-power-sessions/session-tbc-sponsoris%C3%A9e-par-beedeez
live_session,2026-01-29,15:30,15:50,15:30 – 15:50,Théâtre 1,,Créez et localisez plus vite avec une IA au service des concepteurs,,Allison LAMOTTE,"Rédactrice en chef, Messaging Design",Articulate,https://www.learningtechnologiesfrance.com/learning-technologies-paris-2026-power-sessions/session-tbc-sponsoris%C3%A9e-par-distrisoft
live_session,2026-01-29,15:30,15:50,15:30 – 15:50,Théâtre 4,,IA en entreprise : pourquoi moins de 30% des organisations réussissent l’adoption ?,,Clément TEYTAUT,Head of Sales,MENDO,https://www.learningtechnologiesfrance.com/learning-technologies-paris-2026-power-sessions/session-tbc-sponsoris%C3%A9e-par-mendo
live_session,2026-01-29,15:30,15:50,15:30 – 15:50,Théâtre 2,,La technologie va plus vite que les formateurs : Comment convertir le décalage en opportunité ?,,Florian LARBALESTIER | Rania ZOUAGHI,Directeur du pôle Ingénierie pédagogique | Ingénieure pédagogique,Kwark | Kwark,https://www.learningtechnologiesfrance.com/learning-technologies-paris-2026-power-sessions/session-tbc-sponsoris%C3%A9e-par-kwark-1
live_session,2026-01-29,16:00,16:20,16:00 – 16:20,Théâtre 3,,Concevoir des formations pour des profils expérimentés : le regard d'HEC Executive Education,,Arlène BOTOKRO | Adrien PAINTURIER,Head of Learning Innovation | HEC Paris,Wooclap | Directeur Associé de l'Enseignement et de l'Apprentissage,https://www.learningtechnologiesfrance.com/learning-technologies-paris-2026-power-sessions/session-tbc-sponsoris%C3%A9e-par-wooclap
live_session,2026-01-29,16:00,16:20,16:00 – 16:20,Théâtre 1,,Simulation professionnelle immersive : l’IA qui vous met en conditions réelles,,Nathan ATTIAS,VP Sales Enterprise,360Learning,https://www.learningtechnologiesfrance.com/learning-technologies-paris-2026-power-sessions/session-tbc-sponsoris%C3%A9e-par-360learning-1
live_session,2026-01-29,16:00,16:20,16:00 – 16:20,Théâtre 2,,De la formation aux résultats : la feuille de route du L&D pour mesurer l’impact,,Juliette BOJANIC,Solutions Consultant Manager,CrossKnowledge,https://www.learningtechnologiesfrance.com/learning-technologies-paris-2026-power-sessions/session-tbc-sponsoris%C3%A9e-par-crossknowledge-1
live_session,2026-01-29,16:00,16:20,16:00 – 16:20,Théâtre 4,,"Ancrage, Routine et IA : place au microlearning adaptatif, accessible et intégré",,Matthieu THOMAS,Co-fondateur & CEO,CARDS,https://www.learningtechnologiesfrance.com/learning-technologies-paris-2026-power-sessions/consultez-lapp-pour-dinformations
live_session,2026-01-29,16:30,16:50,16:30 – 16:50,Théâtre 1,,L’IA Académie : la première formation qui évolue à la vitesse de l’Intelligence Artificielle,,Christophe HIRTZ,Ingénieur Commercial,XOS,https://www.learningtechnologiesfrance.com/learning-technologies-paris-2026-power-sessions/lia-acad%C3%A9mie-la-premi%C3%A8re-formation-qui-%C3%A9volue-%C3%A0-la-vitesse-de-lintelligence-artificielle
live_session,2026-01-29,16:30,16:50,16:30 – 16:50,Théâtre 2,,Cultiver les talents dès le 1er jour grâce à des plans de développement efficaces,,,,,https://www.learningtechnologiesfrance.com/learning-technologies-paris-2026-power-sessions/session-tbc-sponsoris%C3%A9e-par-ispring-1
live_session,2026-01-29,16:30,16:50,16:30 – 16:50,Théâtre 3,,Roleplay IA : Entrainez vos équipes avec des simulations conversationnelles IA réalistes,,Antoine BERNARD,CEO,Reality Academy,https://www.learningtechnologiesfrance.com/learning-technologies-paris-2026-power-sessions/session-sponsoris%C3%A9e-par-reality-academy
live_session,2026-01-29,16:30,16:50,16:30 – 16:50,Théâtre 4,,SMICVAL x Anemon - SMS Learning Vitesse et comportements : les clés pour des pratiques routières responsables,,Stéphanie BERJAL | Fleur-Ève LE FOLL,Responsable Qualité et Environnement | Dirigeante Fondatrice,SMICVAL | Anemon SMS Learning,https://www.learningtechnologiesfrance.com/learning-technologies-paris-2026-power-sessions/smicval-x-anemon-sms-learning-vitesse-et-comportements-les-cl%C3%A9s-pour-des-pratiques-routi%C3%A8res-responsables
live_session,2026-01-29,17:00,17:20,17:00 – 17:20,Théâtre 2,,Enjeux et perspectives pour l'évaluation des compétences digitales et en intelligence artificielle,,Celestina CARDOZ MAURY,Academic Relations Manager,ETS France,https://www.learningtechnologiesfrance.com/learning-technologies-paris-2026-power-sessions/enjeux-et-perspectives-pour-l%C3%A9valuation-des-comp%C3%A9tences-digitales-et-en-intelligence-artificielle
live_session,2026-01-29,17:00,17:20,17:00 – 17:20,Théâtre 1,,"Former à l’IA : état des lieux, attentes, approches",,Cécile Weltman,Cheffe de projet CAIRE,École Nationale Supérieure d’Arts et Métiers,https://www.learningtechnologiesfrance.com/learning-technologies-paris-2026-power-sessions/session-sponsoris%C3%A9e-par-arts-et-m%C3%A9tiers
live_session,2026-01-29,17:00,17:20,17:00 – 17:20,Théâtre 3,,ROI de l’IA générative : la maîtrise du français fait la différence,,Mélanie VIÉNOT,Présidente,Projet Voltaire,https://www.learningtechnologiesfrance.com/learning-technologies-paris-2026-power-sessions/roi-de-lia-g%C3%A9n%C3%A9rative-la-ma%C3%AEtrise-du-fran%C3%A7ais-fait-la-diff%C3%A9rence
live_session,2026-01-29,17:30,17:50,17:30 – 17:50,Théâtre 2,,Comment les IA pédagogiques rendent enfin possible la mise en pratique en digital,,Boris LUCAS,Sales Manager,Teach Up,https://www.learningtechnologiesfrance.com/learning-technologies-paris-2026-power-sessions/comment-les-ia-p%C3%A9dagogiques-rendent-enfin-possible-la-mise-en-pratique-en-digital
live_session,2026-01-29,17:30,17:50,17:30 – 17:50,Théâtre 3,,Créez et animez facilement vos scénarios de formation en Réalité Mixte avec le logiciel HARBOR – Retour d’expérience de MOBIPOLIS pour un constructeur automobile,,Adèle VOLARD | Sébastien BOLELLI,Cheffe de projet Pédagogie et Digital Learning | Business Developer,MOBIPOLIS | Harbor,https://www.learningtechnologiesfrance.com/learning-technologies-paris-2026-power-sessions/cr%C3%A9ez-et-animez-facilement-vos-sc%C3%A9narios-de-formation-en-r%C3%A9alit%C3%A9-mixte-avec-le-logiciel-harbor-retour-dexp%C3%A9rience-de-mobipolis-pour-un-constructeur-automobile
